run_id,config_hash,dataset,variant,model_family,method,seed,status,start_time,end_time,elapsed_seconds,config_path,stdout_log,stderr_log,returncode,failure_reason
0001_eyepacs_dr_balanced_convnext_ce_seed42,4f1a08c4717b5226,eyepacs_dr,balanced,convnext,ce,42,completed,2026-04-30T12:59:31.638258+00:00,2026-04-30T13:00:46.056579+00:00,74.418,results/multiclass/mc1/configs/0001_eyepacs_dr_balanced_convnext_ce_seed42.json,results/multiclass/mc1/logs/0001_eyepacs_dr_balanced_convnext_ce_seed42.stdout.log,results/multiclass/mc1/logs/0001_eyepacs_dr_balanced_convnext_ce_seed42.stderr.log,0,
0002_eyepacs_dr_balanced_convnext_ce_calibrated_cost_min_seed42,489246809ce93aef,eyepacs_dr,balanced,convnext,ce_calibrated_cost_min,42,completed,2026-04-30T13:00:47.057318+00:00,2026-04-30T13:01:54.761128+00:00,67.704,results/multiclass/mc1/configs/0002_eyepacs_dr_balanced_convnext_ce_calibrated_cost_min_seed42.json,results/multiclass/mc1/logs/0002_eyepacs_dr_balanced_convnext_ce_calibrated_cost_min_seed42.stdout.log,results/multiclass/mc1/logs/0002_eyepacs_dr_balanced_convnext_ce_calibrated_cost_min_seed42.stderr.log,0,
0003_eyepacs_dr_balanced_convnext_nicme_hybrid_seed42,d3e47f7b274aefc8,eyepacs_dr,balanced,convnext,nicme_hybrid,42,completed,2026-04-30T13:01:55.762049+00:00,2026-04-30T13:03:04.739629+00:00,68.978,results/multiclass/mc1/configs/0003_eyepacs_dr_balanced_convnext_nicme_hybrid_seed42.json,results/multiclass/mc1/logs/0003_eyepacs_dr_balanced_convnext_nicme_hybrid_seed42.stdout.log,results/multiclass/mc1/logs/0003_eyepacs_dr_balanced_convnext_nicme_hybrid_seed42.stderr.log,0,
0004_eyepacs_dr_balanced_timm_dinov3_vit_lora_ce_seed42,e91cc457726fc03a,eyepacs_dr,balanced,timm_dinov3_vit_lora,ce,42,completed,2026-04-30T13:03:05.740368+00:00,2026-04-30T13:04:12.539995+00:00,66.800,results/multiclass/mc1/configs/0004_eyepacs_dr_balanced_timm_dinov3_vit_lora_ce_seed42.json,results/multiclass/mc1/logs/0004_eyepacs_dr_balanced_timm_dinov3_vit_lora_ce_seed42.stdout.log,results/multiclass/mc1/logs/0004_eyepacs_dr_balanced_timm_dinov3_vit_lora_ce_seed42.stderr.log,0,
0005_eyepacs_dr_balanced_timm_dinov3_vit_lora_ce_calibrated_cost_min_seed42,096978e63e85f4f0,eyepacs_dr,balanced,timm_dinov3_vit_lora,ce_calibrated_cost_min,42,completed,2026-04-30T13:04:13.540925+00:00,2026-04-30T13:05:18.267947+00:00,64.727,results/multiclass/mc1/configs/0005_eyepacs_dr_balanced_timm_dinov3_vit_lora_ce_calibrated_cost_min_seed42.json,results/multiclass/mc1/logs/0005_eyepacs_dr_balanced_timm_dinov3_vit_lora_ce_calibrated_cost_min_seed42.stdout.log,results/multiclass/mc1/logs/0005_eyepacs_dr_balanced_timm_dinov3_vit_lora_ce_calibrated_cost_min_seed42.stderr.log,0,
0006_eyepacs_dr_balanced_timm_dinov3_vit_lora_nicme_hybrid_seed42,babed75fe4c8ac06,eyepacs_dr,balanced,timm_dinov3_vit_lora,nicme_hybrid,42,completed,2026-04-30T13:05:19.268669+00:00,2026-04-30T13:06:25.792290+00:00,66.524,results/multiclass/mc1/configs/0006_eyepacs_dr_balanced_timm_dinov3_vit_lora_nicme_hybrid_seed42.json,results/multiclass/mc1/logs/0006_eyepacs_dr_balanced_timm_dinov3_vit_lora_nicme_hybrid_seed42.stdout.log,results/multiclass/mc1/logs/0006_eyepacs_dr_balanced_timm_dinov3_vit_lora_nicme_hybrid_seed42.stderr.log,0,
0007_eyepacs_dr_balanced_timm_dinov3_convnext_lora_ce_seed42,4a9a392a6c76c8a8,eyepacs_dr,balanced,timm_dinov3_convnext_lora,ce,42,failed,2026-04-30T13:06:26.793059+00:00,2026-04-30T13:13:23.306933+00:00,416.514,results/multiclass/mc1/configs/0007_eyepacs_dr_balanced_timm_dinov3_convnext_lora_ce_seed42.json,results/multiclass/mc1/logs/0007_eyepacs_dr_balanced_timm_dinov3_convnext_lora_ce_seed42.stdout.log,results/multiclass/mc1/logs/0007_eyepacs_dr_balanced_timm_dinov3_convnext_lora_ce_seed42.stderr.log,-15,train.py exited -15
0008_eyepacs_dr_balanced_timm_dinov3_convnext_lora_ce_calibrated_cost_min_seed42,8c339a971a68e2fb,eyepacs_dr,balanced,timm_dinov3_convnext_lora,ce_calibrated_cost_min,42,failed,2026-04-30T13:13:24.307746+00:00,2026-04-30T13:13:27.287316+00:00,2.980,results/multiclass/mc1/configs/0008_eyepacs_dr_balanced_timm_dinov3_convnext_lora_ce_calibrated_cost_min_seed42.json,results/multiclass/mc1/logs/0008_eyepacs_dr_balanced_timm_dinov3_convnext_lora_ce_calibrated_cost_min_seed42.stdout.log,results/multiclass/mc1/logs/0008_eyepacs_dr_balanced_timm_dinov3_convnext_lora_ce_calibrated_cost_min_seed42.stderr.log,-11,train.py exited -11
0009_eyepacs_dr_balanced_timm_dinov3_convnext_lora_nicme_hybrid_seed42,f369262a410d3ed3,eyepacs_dr,balanced,timm_dinov3_convnext_lora,nicme_hybrid,42,completed,2026-04-30T13:13:28.287972+00:00,2026-04-30T13:14:37.354253+00:00,69.066,results/multiclass/mc1/configs/0009_eyepacs_dr_balanced_timm_dinov3_convnext_lora_nicme_hybrid_seed42.json,results/multiclass/mc1/logs/0009_eyepacs_dr_balanced_timm_dinov3_convnext_lora_nicme_hybrid_seed42.stdout.log,results/multiclass/mc1/logs/0009_eyepacs_dr_balanced_timm_dinov3_convnext_lora_nicme_hybrid_seed42.stderr.log,0,
