run_id,phase,backbone,loss,seed,status,config_hash,config_path,metric_path,target_recall_min,target_recall_macro,normalized_atc,atc,balanced_accuracy,accuracy,macro_f1,critical_pair_error_count,cost_matrix_sha256,start_time,end_time,elapsed_seconds,stdout_log,stderr_log,returncode,failure_reason
1,hpo-v3,convnext_base.fb_in22k_ft_in1k,nicme_v3_hybrid,42,completed,24b4a962bdce0427,/mnt/storage/github/NICME/results/pmi10_v3_balanced_convnext_base_20260502/hpo-v3/configs/0001_24b4a962bdce0427.json,results/pmi10_convnext_base_fb_in22k_ft_in1k_test/hpo-v3_convnext_base_fb_in22k_ft_in1k_nicme_v3_hybrid_s42_trial0000_05-02_02-51/metrics_20260502_025114_nicme_v3_hybrid.json,0.967741935483871,0.9838709677419355,0.004838709677419355,0.04838709677419355,0.9806451612903226,0.9806451612903225,0.9806384408602151,1,1160cbf20c4fac24dc7bb84cbbb229a16545259d585ae1ef1c066e0007082e08,2026-05-02T02:46:07,2026-05-02T02:51:14,307.5,/mnt/storage/github/NICME/results/pmi10_v3_balanced_convnext_base_20260502/hpo-v3/logs/0001_24b4a962bdce0427.stdout.log,/mnt/storage/github/NICME/results/pmi10_v3_balanced_convnext_base_20260502/hpo-v3/logs/0001_24b4a962bdce0427.stderr.log,0,
2,hpo-v3,convnext_base.fb_in22k_ft_in1k,nicme_v3_hybrid,42,completed,0ac3dbc216473a22,/mnt/storage/github/NICME/results/pmi10_v3_balanced_convnext_base_20260502/hpo-v3/configs/0002_0ac3dbc216473a22.json,results/pmi10_convnext_base_fb_in22k_ft_in1k_test/hpo-v3_convnext_base_fb_in22k_ft_in1k_nicme_v3_hybrid_s42_trial0001_05-02_02-55/metrics_20260502_025520_nicme_v3_hybrid.json,0.9032258064516129,0.9758064516129032,0.002258064516129032,0.02258064516129032,0.9774193548387096,0.9774193548387097,0.977301912568306,0,1160cbf20c4fac24dc7bb84cbbb229a16545259d585ae1ef1c066e0007082e08,2026-05-02T02:51:14,2026-05-02T02:55:21,246.6,/mnt/storage/github/NICME/results/pmi10_v3_balanced_convnext_base_20260502/hpo-v3/logs/0002_0ac3dbc216473a22.stdout.log,/mnt/storage/github/NICME/results/pmi10_v3_balanced_convnext_base_20260502/hpo-v3/logs/0002_0ac3dbc216473a22.stderr.log,0,
3,hpo-v3,convnext_base.fb_in22k_ft_in1k,nicme_v3_hybrid,42,completed,ae63442a12907c6a,/mnt/storage/github/NICME/results/pmi10_v3_balanced_convnext_base_20260502/hpo-v3/configs/0003_ae63442a12907c6a.json,results/pmi10_convnext_base_fb_in22k_ft_in1k_test/hpo-v3_convnext_base_fb_in22k_ft_in1k_nicme_v3_hybrid_s42_trial0002_05-02_02-59/metrics_20260502_025953_nicme_v3_hybrid.json,0.9032258064516129,0.967741935483871,0.0070967741935483875,0.07096774193548387,0.9516129032258064,0.9516129032258065,0.9517307350779335,1,1160cbf20c4fac24dc7bb84cbbb229a16545259d585ae1ef1c066e0007082e08,2026-05-02T02:55:21,2026-05-02T02:59:54,272.7,/mnt/storage/github/NICME/results/pmi10_v3_balanced_convnext_base_20260502/hpo-v3/logs/0003_ae63442a12907c6a.stdout.log,/mnt/storage/github/NICME/results/pmi10_v3_balanced_convnext_base_20260502/hpo-v3/logs/0003_ae63442a12907c6a.stderr.log,0,
4,hpo-v3,convnext_base.fb_in22k_ft_in1k,nicme_v3_hybrid,42,completed,072f8bf3424dbb0f,/mnt/storage/github/NICME/results/pmi10_v3_balanced_convnext_base_20260502/hpo-v3/configs/0004_072f8bf3424dbb0f.json,results/pmi10_convnext_base_fb_in22k_ft_in1k_test/hpo-v3_convnext_base_fb_in22k_ft_in1k_nicme_v3_hybrid_s42_trial0003_05-02_03-03/metrics_20260502_030312_nicme_v3_hybrid.json,0.8709677419354839,0.9516129032258065,0.009032258064516128,0.09032258064516129,0.967741935483871,0.967741935483871,0.9675777479225754,2,1160cbf20c4fac24dc7bb84cbbb229a16545259d585ae1ef1c066e0007082e08,2026-05-02T02:59:54,2026-05-02T03:03:13,199.0,/mnt/storage/github/NICME/results/pmi10_v3_balanced_convnext_base_20260502/hpo-v3/logs/0004_072f8bf3424dbb0f.stdout.log,/mnt/storage/github/NICME/results/pmi10_v3_balanced_convnext_base_20260502/hpo-v3/logs/0004_072f8bf3424dbb0f.stderr.log,0,
5,hpo-v3,convnext_base.fb_in22k_ft_in1k,nicme_v3_hybrid,42,completed,53bf742de0f8f8ac,/mnt/storage/github/NICME/results/pmi10_v3_balanced_convnext_base_20260502/hpo-v3/configs/0005_53bf742de0f8f8ac.json,results/pmi10_convnext_base_fb_in22k_ft_in1k_test/hpo-v3_convnext_base_fb_in22k_ft_in1k_nicme_v3_hybrid_s42_trial0004_05-02_03-07/metrics_20260502_030718_nicme_v3_hybrid.json,0.967741935483871,0.9919354838709677,0.001935483870967742,0.01935483870967742,0.9806451612903226,0.9806451612903225,0.9806324811345302,0,1160cbf20c4fac24dc7bb84cbbb229a16545259d585ae1ef1c066e0007082e08,2026-05-02T03:03:13,2026-05-02T03:07:18,245.6,/mnt/storage/github/NICME/results/pmi10_v3_balanced_convnext_base_20260502/hpo-v3/logs/0005_53bf742de0f8f8ac.stdout.log,/mnt/storage/github/NICME/results/pmi10_v3_balanced_convnext_base_20260502/hpo-v3/logs/0005_53bf742de0f8f8ac.stderr.log,0,
6,hpo-v3,convnext_base.fb_in22k_ft_in1k,nicme_v3_hybrid,42,completed,2abacb6495b7dbb1,/mnt/storage/github/NICME/results/pmi10_v3_balanced_convnext_base_20260502/hpo-v3/configs/0006_2abacb6495b7dbb1.json,results/pmi10_convnext_base_fb_in22k_ft_in1k_test/hpo-v3_convnext_base_fb_in22k_ft_in1k_nicme_v3_hybrid_s42_trial0005_05-02_03-11/metrics_20260502_031114_nicme_v3_hybrid.json,0.9354838709677419,0.9838709677419355,0.0032258064516129032,0.03225806451612903,0.967741935483871,0.967741935483871,0.9675035588005694,0,1160cbf20c4fac24dc7bb84cbbb229a16545259d585ae1ef1c066e0007082e08,2026-05-02T03:07:18,2026-05-02T03:11:14,236.1,/mnt/storage/github/NICME/results/pmi10_v3_balanced_convnext_base_20260502/hpo-v3/logs/0006_2abacb6495b7dbb1.stdout.log,/mnt/storage/github/NICME/results/pmi10_v3_balanced_convnext_base_20260502/hpo-v3/logs/0006_2abacb6495b7dbb1.stderr.log,0,
7,hpo-v3,convnext_base.fb_in22k_ft_in1k,nicme_v3_hybrid,42,completed,4ccd85f9b4bd8c58,/mnt/storage/github/NICME/results/pmi10_v3_balanced_convnext_base_20260502/hpo-v3/configs/0007_4ccd85f9b4bd8c58.json,results/pmi10_convnext_base_fb_in22k_ft_in1k_test/hpo-v3_convnext_base_fb_in22k_ft_in1k_nicme_v3_hybrid_s42_trial0006_05-02_03-15/metrics_20260502_031519_nicme_v3_hybrid.json,0.967741935483871,0.9838709677419355,0.005806451612903226,0.05806451612903226,0.9709677419354839,0.9709677419354839,0.9712243639913831,1,1160cbf20c4fac24dc7bb84cbbb229a16545259d585ae1ef1c066e0007082e08,2026-05-02T03:11:14,2026-05-02T03:15:20,245.6,/mnt/storage/github/NICME/results/pmi10_v3_balanced_convnext_base_20260502/hpo-v3/logs/0007_4ccd85f9b4bd8c58.stdout.log,/mnt/storage/github/NICME/results/pmi10_v3_balanced_convnext_base_20260502/hpo-v3/logs/0007_4ccd85f9b4bd8c58.stderr.log,0,
8,hpo-v3,convnext_base.fb_in22k_ft_in1k,nicme_v3_hybrid,42,completed,1edc02a4a5a5b7d3,/mnt/storage/github/NICME/results/pmi10_v3_balanced_convnext_base_20260502/hpo-v3/configs/0008_1edc02a4a5a5b7d3.json,results/pmi10_convnext_base_fb_in22k_ft_in1k_test/hpo-v3_convnext_base_fb_in22k_ft_in1k_nicme_v3_hybrid_s42_trial0007_05-02_03-19/metrics_20260502_031958_nicme_v3_hybrid.json,0.967741935483871,0.9838709677419355,0.0070967741935483875,0.07096774193548387,0.9580645161290322,0.9580645161290322,0.9575212309662163,1,1160cbf20c4fac24dc7bb84cbbb229a16545259d585ae1ef1c066e0007082e08,2026-05-02T03:15:20,2026-05-02T03:19:59,279.0,/mnt/storage/github/NICME/results/pmi10_v3_balanced_convnext_base_20260502/hpo-v3/logs/0008_1edc02a4a5a5b7d3.stdout.log,/mnt/storage/github/NICME/results/pmi10_v3_balanced_convnext_base_20260502/hpo-v3/logs/0008_1edc02a4a5a5b7d3.stderr.log,0,
9,hpo-v3,convnext_base.fb_in22k_ft_in1k,nicme_v3_hybrid,42,completed,2faf85d4e6e70668,/mnt/storage/github/NICME/results/pmi10_v3_balanced_convnext_base_20260502/hpo-v3/configs/0009_2faf85d4e6e70668.json,results/pmi10_convnext_base_fb_in22k_ft_in1k_test/hpo-v3_convnext_base_fb_in22k_ft_in1k_nicme_v3_hybrid_s42_trial0008_05-02_03-26/metrics_20260502_032634_nicme_v3_hybrid.json,0.9032258064516129,0.9758064516129032,0.000967741935483871,0.00967741935483871,0.9903225806451612,0.9903225806451613,0.9902029526499865,0,1160cbf20c4fac24dc7bb84cbbb229a16545259d585ae1ef1c066e0007082e08,2026-05-02T03:19:59,2026-05-02T03:26:35,395.7,/mnt/storage/github/NICME/results/pmi10_v3_balanced_convnext_base_20260502/hpo-v3/logs/0009_2faf85d4e6e70668.stdout.log,/mnt/storage/github/NICME/results/pmi10_v3_balanced_convnext_base_20260502/hpo-v3/logs/0009_2faf85d4e6e70668.stderr.log,0,
10,hpo-v3,convnext_base.fb_in22k_ft_in1k,nicme_v3_hybrid,42,completed,a144cdfd654c85a9,/mnt/storage/github/NICME/results/pmi10_v3_balanced_convnext_base_20260502/hpo-v3/configs/0010_a144cdfd654c85a9.json,results/pmi10_convnext_base_fb_in22k_ft_in1k_test/hpo-v3_convnext_base_fb_in22k_ft_in1k_nicme_v3_hybrid_s42_trial0009_05-02_03-31/metrics_20260502_033127_nicme_v3_hybrid.json,0.967741935483871,0.9919354838709677,0.0003225806451612903,0.0032258064516129032,0.9967741935483871,0.9967741935483871,0.9967733541504034,0,1160cbf20c4fac24dc7bb84cbbb229a16545259d585ae1ef1c066e0007082e08,2026-05-02T03:26:35,2026-05-02T03:31:27,292.6,/mnt/storage/github/NICME/results/pmi10_v3_balanced_convnext_base_20260502/hpo-v3/logs/0010_a144cdfd654c85a9.stdout.log,/mnt/storage/github/NICME/results/pmi10_v3_balanced_convnext_base_20260502/hpo-v3/logs/0010_a144cdfd654c85a9.stderr.log,0,
11,hpo-v3,convnext_base.fb_in22k_ft_in1k,nicme_v3_hybrid,42,completed,7cf4efaa71c1d4cd,/mnt/storage/github/NICME/results/pmi10_v3_balanced_convnext_base_20260502/hpo-v3/configs/0011_7cf4efaa71c1d4cd.json,results/pmi10_convnext_base_fb_in22k_ft_in1k_test/hpo-v3_convnext_base_fb_in22k_ft_in1k_nicme_v3_hybrid_s42_trial0010_05-02_03-34/metrics_20260502_033418_nicme_v3_hybrid.json,0.8709677419354839,0.9274193548387097,0.032903225806451615,0.32903225806451614,0.7870967741935484,0.7870967741935484,0.7609523155850191,4,1160cbf20c4fac24dc7bb84cbbb229a16545259d585ae1ef1c066e0007082e08,2026-05-02T03:31:27,2026-05-02T03:34:18,170.9,/mnt/storage/github/NICME/results/pmi10_v3_balanced_convnext_base_20260502/hpo-v3/logs/0011_7cf4efaa71c1d4cd.stdout.log,/mnt/storage/github/NICME/results/pmi10_v3_balanced_convnext_base_20260502/hpo-v3/logs/0011_7cf4efaa71c1d4cd.stderr.log,0,
12,hpo-v3,convnext_base.fb_in22k_ft_in1k,nicme_v3_hybrid,42,completed,85042aa4beb25872,/mnt/storage/github/NICME/results/pmi10_v3_balanced_convnext_base_20260502/hpo-v3/configs/0012_85042aa4beb25872.json,results/pmi10_convnext_base_fb_in22k_ft_in1k_test/hpo-v3_convnext_base_fb_in22k_ft_in1k_nicme_v3_hybrid_s42_trial0011_05-02_03-38/metrics_20260502_033810_nicme_v3_hybrid.json,0.967741935483871,0.9838709677419355,0.005483870967741935,0.054838709677419356,0.9741935483870968,0.9741935483870968,0.9740584963493595,1,1160cbf20c4fac24dc7bb84cbbb229a16545259d585ae1ef1c066e0007082e08,2026-05-02T03:34:18,2026-05-02T03:38:11,232.4,/mnt/storage/github/NICME/results/pmi10_v3_balanced_convnext_base_20260502/hpo-v3/logs/0012_85042aa4beb25872.stdout.log,/mnt/storage/github/NICME/results/pmi10_v3_balanced_convnext_base_20260502/hpo-v3/logs/0012_85042aa4beb25872.stderr.log,0,
13,hpo-v3,convnext_base.fb_in22k_ft_in1k,nicme_v3_hybrid,42,completed,1f10c2d9c3c4e185,/mnt/storage/github/NICME/results/pmi10_v3_balanced_convnext_base_20260502/hpo-v3/configs/0013_1f10c2d9c3c4e185.json,results/pmi10_convnext_base_fb_in22k_ft_in1k_test/hpo-v3_convnext_base_fb_in22k_ft_in1k_nicme_v3_hybrid_s42_trial0012_05-02_03-42/metrics_20260502_034219_nicme_v3_hybrid.json,0.9032258064516129,0.9758064516129032,0.007419354838709677,0.07419354838709677,0.9548387096774194,0.9548387096774194,0.9542876116749067,1,1160cbf20c4fac24dc7bb84cbbb229a16545259d585ae1ef1c066e0007082e08,2026-05-02T03:38:11,2026-05-02T03:42:20,249.3,/mnt/storage/github/NICME/results/pmi10_v3_balanced_convnext_base_20260502/hpo-v3/logs/0013_1f10c2d9c3c4e185.stdout.log,/mnt/storage/github/NICME/results/pmi10_v3_balanced_convnext_base_20260502/hpo-v3/logs/0013_1f10c2d9c3c4e185.stderr.log,0,
14,hpo-v3,convnext_base.fb_in22k_ft_in1k,nicme_v3_hybrid,42,completed,2da65337216e3b43,/mnt/storage/github/NICME/results/pmi10_v3_balanced_convnext_base_20260502/hpo-v3/configs/0014_2da65337216e3b43.json,results/pmi10_convnext_base_fb_in22k_ft_in1k_test/hpo-v3_convnext_base_fb_in22k_ft_in1k_nicme_v3_hybrid_s42_trial0013_05-02_03-47/metrics_20260502_034746_nicme_v3_hybrid.json,0.967741935483871,0.9919354838709677,0.0016129032258064516,0.016129032258064516,0.9838709677419356,0.9838709677419355,0.9838651706496101,0,1160cbf20c4fac24dc7bb84cbbb229a16545259d585ae1ef1c066e0007082e08,2026-05-02T03:42:20,2026-05-02T03:47:47,326.8,/mnt/storage/github/NICME/results/pmi10_v3_balanced_convnext_base_20260502/hpo-v3/logs/0014_2da65337216e3b43.stdout.log,/mnt/storage/github/NICME/results/pmi10_v3_balanced_convnext_base_20260502/hpo-v3/logs/0014_2da65337216e3b43.stderr.log,0,
15,hpo-v3,convnext_base.fb_in22k_ft_in1k,nicme_v3_hybrid,42,completed,361c058cdc769b68,/mnt/storage/github/NICME/results/pmi10_v3_balanced_convnext_base_20260502/hpo-v3/configs/0015_361c058cdc769b68.json,results/pmi10_convnext_base_fb_in22k_ft_in1k_test/hpo-v3_convnext_base_fb_in22k_ft_in1k_nicme_v3_hybrid_s42_trial0014_05-02_03-51/metrics_20260502_035152_nicme_v3_hybrid.json,0.9354838709677419,0.9758064516129032,0.00967741935483871,0.0967741935483871,0.932258064516129,0.932258064516129,0.9282452548342605,1,1160cbf20c4fac24dc7bb84cbbb229a16545259d585ae1ef1c066e0007082e08,2026-05-02T03:47:47,2026-05-02T03:51:52,245.8,/mnt/storage/github/NICME/results/pmi10_v3_balanced_convnext_base_20260502/hpo-v3/logs/0015_361c058cdc769b68.stdout.log,/mnt/storage/github/NICME/results/pmi10_v3_balanced_convnext_base_20260502/hpo-v3/logs/0015_361c058cdc769b68.stderr.log,0,
16,hpo-v3,convnext_base.fb_in22k_ft_in1k,nicme_v3_hybrid,42,completed,d8e2b5e29a92eda3,/mnt/storage/github/NICME/results/pmi10_v3_balanced_convnext_base_20260502/hpo-v3/configs/0016_d8e2b5e29a92eda3.json,results/pmi10_convnext_base_fb_in22k_ft_in1k_test/hpo-v3_convnext_base_fb_in22k_ft_in1k_nicme_v3_hybrid_s42_trial0015_05-02_03-55/metrics_20260502_035602_nicme_v3_hybrid.json,0.967741935483871,0.9838709677419355,0.006774193548387097,0.06774193548387097,0.9612903225806452,0.9612903225806452,0.9619728527960021,1,1160cbf20c4fac24dc7bb84cbbb229a16545259d585ae1ef1c066e0007082e08,2026-05-02T03:51:52,2026-05-02T03:56:02,250.0,/mnt/storage/github/NICME/results/pmi10_v3_balanced_convnext_base_20260502/hpo-v3/logs/0016_d8e2b5e29a92eda3.stdout.log,/mnt/storage/github/NICME/results/pmi10_v3_balanced_convnext_base_20260502/hpo-v3/logs/0016_d8e2b5e29a92eda3.stderr.log,0,
17,hpo-v3,convnext_base.fb_in22k_ft_in1k,nicme_v3_hybrid,42,completed,f6d48a63922bc947,/mnt/storage/github/NICME/results/pmi10_v3_balanced_convnext_base_20260502/hpo-v3/configs/0017_f6d48a63922bc947.json,results/pmi10_convnext_base_fb_in22k_ft_in1k_test/hpo-v3_convnext_base_fb_in22k_ft_in1k_nicme_v3_hybrid_s42_trial0016_05-02_03-59/metrics_20260502_040006_nicme_v3_hybrid.json,0.9354838709677419,0.9838709677419355,0.001935483870967742,0.01935483870967742,0.9806451612903226,0.9806451612903225,0.9806367620642475,0,1160cbf20c4fac24dc7bb84cbbb229a16545259d585ae1ef1c066e0007082e08,2026-05-02T03:56:02,2026-05-02T04:00:07,244.1,/mnt/storage/github/NICME/results/pmi10_v3_balanced_convnext_base_20260502/hpo-v3/logs/0017_f6d48a63922bc947.stdout.log,/mnt/storage/github/NICME/results/pmi10_v3_balanced_convnext_base_20260502/hpo-v3/logs/0017_f6d48a63922bc947.stderr.log,0,
18,hpo-v3,convnext_base.fb_in22k_ft_in1k,nicme_v3_hybrid,42,completed,c97ce209e43212c5,/mnt/storage/github/NICME/results/pmi10_v3_balanced_convnext_base_20260502/hpo-v3/configs/0018_c97ce209e43212c5.json,results/pmi10_convnext_base_fb_in22k_ft_in1k_test/hpo-v3_convnext_base_fb_in22k_ft_in1k_nicme_v3_hybrid_s42_trial0017_05-02_04-04/metrics_20260502_040421_nicme_v3_hybrid.json,0.967741935483871,0.9758064516129032,0.01064516129032258,0.1064516129032258,0.9451612903225804,0.9451612903225807,0.9450460868599807,2,1160cbf20c4fac24dc7bb84cbbb229a16545259d585ae1ef1c066e0007082e08,2026-05-02T04:00:07,2026-05-02T04:04:21,254.7,/mnt/storage/github/NICME/results/pmi10_v3_balanced_convnext_base_20260502/hpo-v3/logs/0018_c97ce209e43212c5.stdout.log,/mnt/storage/github/NICME/results/pmi10_v3_balanced_convnext_base_20260502/hpo-v3/logs/0018_c97ce209e43212c5.stderr.log,0,
19,hpo-v3,convnext_base.fb_in22k_ft_in1k,nicme_v3_hybrid,42,completed,b1b00d8983e50b49,/mnt/storage/github/NICME/results/pmi10_v3_balanced_convnext_base_20260502/hpo-v3/configs/0019_b1b00d8983e50b49.json,results/pmi10_convnext_base_fb_in22k_ft_in1k_test/hpo-v3_convnext_base_fb_in22k_ft_in1k_nicme_v3_hybrid_s42_trial0018_05-02_04-10/metrics_20260502_041025_nicme_v3_hybrid.json,0.967741935483871,0.9919354838709677,0.0025806451612903226,0.025806451612903226,0.9741935483870968,0.9741935483870968,0.9740088931747563,0,1160cbf20c4fac24dc7bb84cbbb229a16545259d585ae1ef1c066e0007082e08,2026-05-02T04:04:21,2026-05-02T04:10:25,363.8,/mnt/storage/github/NICME/results/pmi10_v3_balanced_convnext_base_20260502/hpo-v3/logs/0019_b1b00d8983e50b49.stdout.log,/mnt/storage/github/NICME/results/pmi10_v3_balanced_convnext_base_20260502/hpo-v3/logs/0019_b1b00d8983e50b49.stderr.log,0,
20,hpo-v3,convnext_base.fb_in22k_ft_in1k,nicme_v3_hybrid,42,completed,dbd00dc2c3ce764e,/mnt/storage/github/NICME/results/pmi10_v3_balanced_convnext_base_20260502/hpo-v3/configs/0020_dbd00dc2c3ce764e.json,results/pmi10_convnext_base_fb_in22k_ft_in1k_test/hpo-v3_convnext_base_fb_in22k_ft_in1k_nicme_v3_hybrid_s42_trial0019_05-02_04-14/metrics_20260502_041422_nicme_v3_hybrid.json,0.9354838709677419,0.9758064516129032,0.004193548387096775,0.041935483870967745,0.9806451612903228,0.9806451612903225,0.9806863652388508,1,1160cbf20c4fac24dc7bb84cbbb229a16545259d585ae1ef1c066e0007082e08,2026-05-02T04:10:25,2026-05-02T04:14:22,237.0,/mnt/storage/github/NICME/results/pmi10_v3_balanced_convnext_base_20260502/hpo-v3/logs/0020_dbd00dc2c3ce764e.stdout.log,/mnt/storage/github/NICME/results/pmi10_v3_balanced_convnext_base_20260502/hpo-v3/logs/0020_dbd00dc2c3ce764e.stderr.log,0,
21,hpo-v3,convnext_base.fb_in22k_ft_in1k,nicme_v3_hybrid,42,completed,8f9a7779d2946af3,/mnt/storage/github/NICME/results/pmi10_v3_balanced_convnext_base_20260502/hpo-v3/configs/0021_8f9a7779d2946af3.json,results/pmi10_convnext_base_fb_in22k_ft_in1k_test/hpo-v3_convnext_base_fb_in22k_ft_in1k_nicme_v3_hybrid_s42_trial0020_05-02_04-19/metrics_20260502_041930_nicme_v3_hybrid.json,0.967741935483871,0.9838709677419355,0.004193548387096775,0.041935483870967745,0.9806451612903224,0.9806451612903225,0.9807316874837367,1,1160cbf20c4fac24dc7bb84cbbb229a16545259d585ae1ef1c066e0007082e08,2026-05-02T04:14:22,2026-05-02T04:19:31,308.6,/mnt/storage/github/NICME/results/pmi10_v3_balanced_convnext_base_20260502/hpo-v3/logs/0021_8f9a7779d2946af3.stdout.log,/mnt/storage/github/NICME/results/pmi10_v3_balanced_convnext_base_20260502/hpo-v3/logs/0021_8f9a7779d2946af3.stderr.log,0,
22,hpo-v3,convnext_base.fb_in22k_ft_in1k,nicme_v3_hybrid,42,completed,02e547c6862c4192,/mnt/storage/github/NICME/results/pmi10_v3_balanced_convnext_base_20260502/hpo-v3/configs/0022_02e547c6862c4192.json,results/pmi10_convnext_base_fb_in22k_ft_in1k_test/hpo-v3_convnext_base_fb_in22k_ft_in1k_nicme_v3_hybrid_s42_trial0021_05-02_04-24/metrics_20260502_042438_nicme_v3_hybrid.json,1.0,1.0,0.0006451612903225806,0.0064516129032258064,0.9935483870967742,0.9935483870967742,0.9935963114754098,0,1160cbf20c4fac24dc7bb84cbbb229a16545259d585ae1ef1c066e0007082e08,2026-05-02T04:19:31,2026-05-02T04:24:38,307.4,/mnt/storage/github/NICME/results/pmi10_v3_balanced_convnext_base_20260502/hpo-v3/logs/0022_02e547c6862c4192.stdout.log,/mnt/storage/github/NICME/results/pmi10_v3_balanced_convnext_base_20260502/hpo-v3/logs/0022_02e547c6862c4192.stderr.log,0,
23,hpo-v3,convnext_base.fb_in22k_ft_in1k,nicme_v3_hybrid,42,completed,8921f3616b377ddd,/mnt/storage/github/NICME/results/pmi10_v3_balanced_convnext_base_20260502/hpo-v3/configs/0023_8921f3616b377ddd.json,results/pmi10_convnext_base_fb_in22k_ft_in1k_test/hpo-v3_convnext_base_fb_in22k_ft_in1k_nicme_v3_hybrid_s42_trial0022_05-02_04-29/metrics_20260502_042918_nicme_v3_hybrid.json,0.967741935483871,0.9838709677419355,0.004516129032258064,0.04516129032258064,0.9774193548387096,0.9774193548387097,0.9776088506603628,1,1160cbf20c4fac24dc7bb84cbbb229a16545259d585ae1ef1c066e0007082e08,2026-05-02T04:24:38,2026-05-02T04:29:18,280.2,/mnt/storage/github/NICME/results/pmi10_v3_balanced_convnext_base_20260502/hpo-v3/logs/0023_8921f3616b377ddd.stdout.log,/mnt/storage/github/NICME/results/pmi10_v3_balanced_convnext_base_20260502/hpo-v3/logs/0023_8921f3616b377ddd.stderr.log,0,
24,hpo-v3,convnext_base.fb_in22k_ft_in1k,nicme_v3_hybrid,42,completed,99abc6043bf217f7,/mnt/storage/github/NICME/results/pmi10_v3_balanced_convnext_base_20260502/hpo-v3/configs/0024_99abc6043bf217f7.json,results/pmi10_convnext_base_fb_in22k_ft_in1k_test/hpo-v3_convnext_base_fb_in22k_ft_in1k_nicme_v3_hybrid_s42_trial0023_05-02_04-34/metrics_20260502_043424_nicme_v3_hybrid.json,0.967741935483871,0.9919354838709677,0.005161290322580645,0.05161290322580645,0.9483870967741936,0.9483870967741935,0.9461785714285714,0,1160cbf20c4fac24dc7bb84cbbb229a16545259d585ae1ef1c066e0007082e08,2026-05-02T04:29:18,2026-05-02T04:34:25,306.2,/mnt/storage/github/NICME/results/pmi10_v3_balanced_convnext_base_20260502/hpo-v3/logs/0024_99abc6043bf217f7.stdout.log,/mnt/storage/github/NICME/results/pmi10_v3_balanced_convnext_base_20260502/hpo-v3/logs/0024_99abc6043bf217f7.stderr.log,0,
25,hpo-v3,convnext_base.fb_in22k_ft_in1k,nicme_v3_hybrid,42,completed,6b81658b23435680,/mnt/storage/github/NICME/results/pmi10_v3_balanced_convnext_base_20260502/hpo-v3/configs/0025_6b81658b23435680.json,results/pmi10_convnext_base_fb_in22k_ft_in1k_test/hpo-v3_convnext_base_fb_in22k_ft_in1k_nicme_v3_hybrid_s42_trial0024_05-02_04-38/metrics_20260502_043830_nicme_v3_hybrid.json,0.967741935483871,0.9838709677419355,0.00935483870967742,0.0935483870967742,0.935483870967742,0.9354838709677419,0.935613195272954,1,1160cbf20c4fac24dc7bb84cbbb229a16545259d585ae1ef1c066e0007082e08,2026-05-02T04:34:25,2026-05-02T04:38:31,246.0,/mnt/storage/github/NICME/results/pmi10_v3_balanced_convnext_base_20260502/hpo-v3/logs/0025_6b81658b23435680.stdout.log,/mnt/storage/github/NICME/results/pmi10_v3_balanced_convnext_base_20260502/hpo-v3/logs/0025_6b81658b23435680.stderr.log,0,
26,hpo-v3,convnext_base.fb_in22k_ft_in1k,nicme_v3_hybrid,42,completed,23ab4f8fd9d4f875,/mnt/storage/github/NICME/results/pmi10_v3_balanced_convnext_base_20260502/hpo-v3/configs/0026_23ab4f8fd9d4f875.json,results/pmi10_convnext_base_fb_in22k_ft_in1k_test/hpo-v3_convnext_base_fb_in22k_ft_in1k_nicme_v3_hybrid_s42_trial0025_05-02_04-42/metrics_20260502_044222_nicme_v3_hybrid.json,0.9354838709677419,0.9838709677419355,0.002258064516129032,0.02258064516129032,0.9774193548387096,0.9774193548387097,0.9773954129674468,0,1160cbf20c4fac24dc7bb84cbbb229a16545259d585ae1ef1c066e0007082e08,2026-05-02T04:38:31,2026-05-02T04:42:23,232.2,/mnt/storage/github/NICME/results/pmi10_v3_balanced_convnext_base_20260502/hpo-v3/logs/0026_23ab4f8fd9d4f875.stdout.log,/mnt/storage/github/NICME/results/pmi10_v3_balanced_convnext_base_20260502/hpo-v3/logs/0026_23ab4f8fd9d4f875.stderr.log,0,
27,hpo-v3,convnext_base.fb_in22k_ft_in1k,nicme_v3_hybrid,42,completed,de5bd9ff3b266682,/mnt/storage/github/NICME/results/pmi10_v3_balanced_convnext_base_20260502/hpo-v3/configs/0027_de5bd9ff3b266682.json,results/pmi10_convnext_base_fb_in22k_ft_in1k_test/hpo-v3_convnext_base_fb_in22k_ft_in1k_nicme_v3_hybrid_s42_trial0026_05-02_04-47/metrics_20260502_044715_nicme_v3_hybrid.json,0.967741935483871,0.9838709677419355,0.006774193548387097,0.06774193548387097,0.9612903225806452,0.9612903225806452,0.9610373430741509,1,1160cbf20c4fac24dc7bb84cbbb229a16545259d585ae1ef1c066e0007082e08,2026-05-02T04:42:23,2026-05-02T04:47:15,292.6,/mnt/storage/github/NICME/results/pmi10_v3_balanced_convnext_base_20260502/hpo-v3/logs/0027_de5bd9ff3b266682.stdout.log,/mnt/storage/github/NICME/results/pmi10_v3_balanced_convnext_base_20260502/hpo-v3/logs/0027_de5bd9ff3b266682.stderr.log,0,
28,hpo-v3,convnext_base.fb_in22k_ft_in1k,nicme_v3_hybrid,42,completed,cee9cee88f72e749,/mnt/storage/github/NICME/results/pmi10_v3_balanced_convnext_base_20260502/hpo-v3/configs/0028_cee9cee88f72e749.json,results/pmi10_convnext_base_fb_in22k_ft_in1k_test/hpo-v3_convnext_base_fb_in22k_ft_in1k_nicme_v3_hybrid_s42_trial0027_05-02_04-50/metrics_20260502_045035_nicme_v3_hybrid.json,0.9354838709677419,0.967741935483871,0.011612903225806452,0.11612903225806452,0.9580645161290322,0.9580645161290322,0.957483229228967,3,1160cbf20c4fac24dc7bb84cbbb229a16545259d585ae1ef1c066e0007082e08,2026-05-02T04:47:15,2026-05-02T04:50:36,200.3,/mnt/storage/github/NICME/results/pmi10_v3_balanced_convnext_base_20260502/hpo-v3/logs/0028_cee9cee88f72e749.stdout.log,/mnt/storage/github/NICME/results/pmi10_v3_balanced_convnext_base_20260502/hpo-v3/logs/0028_cee9cee88f72e749.stderr.log,0,
29,hpo-v3,convnext_base.fb_in22k_ft_in1k,nicme_v3_hybrid,42,completed,3c572b3dfd4c1e47,/mnt/storage/github/NICME/results/pmi10_v3_balanced_convnext_base_20260502/hpo-v3/configs/0029_3c572b3dfd4c1e47.json,results/pmi10_convnext_base_fb_in22k_ft_in1k_test/hpo-v3_convnext_base_fb_in22k_ft_in1k_nicme_v3_hybrid_s42_trial0028_05-02_04-56/metrics_20260502_045702_nicme_v3_hybrid.json,1.0,1.0,0.0,0.0,1.0,1.0,1.0,0,1160cbf20c4fac24dc7bb84cbbb229a16545259d585ae1ef1c066e0007082e08,2026-05-02T04:50:36,2026-05-02T04:57:03,386.8,/mnt/storage/github/NICME/results/pmi10_v3_balanced_convnext_base_20260502/hpo-v3/logs/0029_3c572b3dfd4c1e47.stdout.log,/mnt/storage/github/NICME/results/pmi10_v3_balanced_convnext_base_20260502/hpo-v3/logs/0029_3c572b3dfd4c1e47.stderr.log,0,
30,hpo-v3,convnext_base.fb_in22k_ft_in1k,nicme_v3_hybrid,42,completed,1c3c788a9e8da303,/mnt/storage/github/NICME/results/pmi10_v3_balanced_convnext_base_20260502/hpo-v3/configs/0030_1c3c788a9e8da303.json,results/pmi10_convnext_base_fb_in22k_ft_in1k_test/hpo-v3_convnext_base_fb_in22k_ft_in1k_nicme_v3_hybrid_s42_trial0029_05-02_05-01/metrics_20260502_050111_nicme_v3_hybrid.json,0.967741935483871,0.9838709677419355,0.007741935483870968,0.07741935483870968,0.9516129032258064,0.9516129032258065,0.949242564785477,1,1160cbf20c4fac24dc7bb84cbbb229a16545259d585ae1ef1c066e0007082e08,2026-05-02T04:57:03,2026-05-02T05:01:11,248.7,/mnt/storage/github/NICME/results/pmi10_v3_balanced_convnext_base_20260502/hpo-v3/logs/0030_1c3c788a9e8da303.stdout.log,/mnt/storage/github/NICME/results/pmi10_v3_balanced_convnext_base_20260502/hpo-v3/logs/0030_1c3c788a9e8da303.stderr.log,0,
31,hpo-v3,convnext_base.fb_in22k_ft_in1k,nicme_v3_hybrid,42,completed,385cbe112016daf5,/mnt/storage/github/NICME/results/pmi10_v3_balanced_convnext_base_20260502/hpo-v3/configs/0031_385cbe112016daf5.json,results/pmi10_convnext_base_fb_in22k_ft_in1k_test/hpo-v3_convnext_base_fb_in22k_ft_in1k_nicme_v3_hybrid_s42_trial0030_05-02_05-06/metrics_20260502_050634_nicme_v3_hybrid.json,0.967741935483871,0.9838709677419355,0.004193548387096775,0.041935483870967745,0.9870967741935484,0.9870967741935484,0.9871438591742002,1,1160cbf20c4fac24dc7bb84cbbb229a16545259d585ae1ef1c066e0007082e08,2026-05-02T05:01:11,2026-05-02T05:06:35,323.6,/mnt/storage/github/NICME/results/pmi10_v3_balanced_convnext_base_20260502/hpo-v3/logs/0031_385cbe112016daf5.stdout.log,/mnt/storage/github/NICME/results/pmi10_v3_balanced_convnext_base_20260502/hpo-v3/logs/0031_385cbe112016daf5.stderr.log,0,
32,hpo-v3,convnext_base.fb_in22k_ft_in1k,nicme_v3_hybrid,42,completed,88f6d5d49ebf59ae,/mnt/storage/github/NICME/results/pmi10_v3_balanced_convnext_base_20260502/hpo-v3/configs/0032_88f6d5d49ebf59ae.json,results/pmi10_convnext_base_fb_in22k_ft_in1k_test/hpo-v3_convnext_base_fb_in22k_ft_in1k_nicme_v3_hybrid_s42_trial0031_05-02_05-11/metrics_20260502_051144_nicme_v3_hybrid.json,0.967741935483871,0.9838709677419355,0.004838709677419355,0.04838709677419355,0.9806451612903226,0.9806451612903225,0.9807664522196337,1,1160cbf20c4fac24dc7bb84cbbb229a16545259d585ae1ef1c066e0007082e08,2026-05-02T05:06:35,2026-05-02T05:11:45,310.1,/mnt/storage/github/NICME/results/pmi10_v3_balanced_convnext_base_20260502/hpo-v3/logs/0032_88f6d5d49ebf59ae.stdout.log,/mnt/storage/github/NICME/results/pmi10_v3_balanced_convnext_base_20260502/hpo-v3/logs/0032_88f6d5d49ebf59ae.stderr.log,0,
33,hpo-v3,convnext_base.fb_in22k_ft_in1k,nicme_v3_hybrid,42,completed,5b590a146b9d2e4e,/mnt/storage/github/NICME/results/pmi10_v3_balanced_convnext_base_20260502/hpo-v3/configs/0033_5b590a146b9d2e4e.json,results/pmi10_convnext_base_fb_in22k_ft_in1k_test/hpo-v3_convnext_base_fb_in22k_ft_in1k_nicme_v3_hybrid_s42_trial0032_05-02_05-16/metrics_20260502_051651_nicme_v3_hybrid.json,0.967741935483871,0.9919354838709677,0.0035483870967741938,0.035483870967741936,0.964516129032258,0.964516129032258,0.9638895198873068,0,1160cbf20c4fac24dc7bb84cbbb229a16545259d585ae1ef1c066e0007082e08,2026-05-02T05:11:45,2026-05-02T05:16:52,307.1,/mnt/storage/github/NICME/results/pmi10_v3_balanced_convnext_base_20260502/hpo-v3/logs/0033_5b590a146b9d2e4e.stdout.log,/mnt/storage/github/NICME/results/pmi10_v3_balanced_convnext_base_20260502/hpo-v3/logs/0033_5b590a146b9d2e4e.stderr.log,0,
34,hpo-v3,convnext_base.fb_in22k_ft_in1k,nicme_v3_hybrid,42,completed,615861d044ae9435,/mnt/storage/github/NICME/results/pmi10_v3_balanced_convnext_base_20260502/hpo-v3/configs/0034_615861d044ae9435.json,results/pmi10_convnext_base_fb_in22k_ft_in1k_test/hpo-v3_convnext_base_fb_in22k_ft_in1k_nicme_v3_hybrid_s42_trial0033_05-02_05-20/metrics_20260502_052057_nicme_v3_hybrid.json,0.967741935483871,0.9838709677419355,0.004516129032258064,0.04516129032258064,0.9838709677419356,0.9838709677419355,0.9840141302965206,1,1160cbf20c4fac24dc7bb84cbbb229a16545259d585ae1ef1c066e0007082e08,2026-05-02T05:16:52,2026-05-02T05:20:58,245.6,/mnt/storage/github/NICME/results/pmi10_v3_balanced_convnext_base_20260502/hpo-v3/logs/0034_615861d044ae9435.stdout.log,/mnt/storage/github/NICME/results/pmi10_v3_balanced_convnext_base_20260502/hpo-v3/logs/0034_615861d044ae9435.stderr.log,0,
35,hpo-v3,convnext_base.fb_in22k_ft_in1k,nicme_v3_hybrid,42,completed,51a6e03868920db3,/mnt/storage/github/NICME/results/pmi10_v3_balanced_convnext_base_20260502/hpo-v3/configs/0035_51a6e03868920db3.json,results/pmi10_convnext_base_fb_in22k_ft_in1k_test/hpo-v3_convnext_base_fb_in22k_ft_in1k_nicme_v3_hybrid_s42_trial0034_05-02_05-26/metrics_20260502_052621_nicme_v3_hybrid.json,1.0,1.0,0.0003225806451612903,0.0032258064516129032,0.9967741935483871,0.9967741935483871,0.9967733541504034,0,1160cbf20c4fac24dc7bb84cbbb229a16545259d585ae1ef1c066e0007082e08,2026-05-02T05:20:58,2026-05-02T05:26:22,324.2,/mnt/storage/github/NICME/results/pmi10_v3_balanced_convnext_base_20260502/hpo-v3/logs/0035_51a6e03868920db3.stdout.log,/mnt/storage/github/NICME/results/pmi10_v3_balanced_convnext_base_20260502/hpo-v3/logs/0035_51a6e03868920db3.stderr.log,0,
36,hpo-v3,convnext_base.fb_in22k_ft_in1k,nicme_v3_hybrid,42,completed,eb91eb2982063699,/mnt/storage/github/NICME/results/pmi10_v3_balanced_convnext_base_20260502/hpo-v3/configs/0036_eb91eb2982063699.json,results/pmi10_convnext_base_fb_in22k_ft_in1k_test/hpo-v3_convnext_base_fb_in22k_ft_in1k_nicme_v3_hybrid_s42_trial0035_05-02_05-30/metrics_20260502_053027_nicme_v3_hybrid.json,0.967741935483871,0.9838709677419355,0.008064516129032258,0.08064516129032258,0.9483870967741936,0.9483870967741935,0.9456133173228458,1,1160cbf20c4fac24dc7bb84cbbb229a16545259d585ae1ef1c066e0007082e08,2026-05-02T05:26:22,2026-05-02T05:30:28,246.2,/mnt/storage/github/NICME/results/pmi10_v3_balanced_convnext_base_20260502/hpo-v3/logs/0036_eb91eb2982063699.stdout.log,/mnt/storage/github/NICME/results/pmi10_v3_balanced_convnext_base_20260502/hpo-v3/logs/0036_eb91eb2982063699.stderr.log,0,
37,hpo-v3,convnext_base.fb_in22k_ft_in1k,nicme_v3_hybrid,42,completed,295ba9a786fd5cee,/mnt/storage/github/NICME/results/pmi10_v3_balanced_convnext_base_20260502/hpo-v3/configs/0037_295ba9a786fd5cee.json,results/pmi10_convnext_base_fb_in22k_ft_in1k_test/hpo-v3_convnext_base_fb_in22k_ft_in1k_nicme_v3_hybrid_s42_trial0036_05-02_05-34/metrics_20260502_053418_nicme_v3_hybrid.json,0.9354838709677419,0.9838709677419355,0.001935483870967742,0.01935483870967742,0.9806451612903226,0.9806451612903225,0.9805774972765804,0,1160cbf20c4fac24dc7bb84cbbb229a16545259d585ae1ef1c066e0007082e08,2026-05-02T05:30:28,2026-05-02T05:34:19,231.0,/mnt/storage/github/NICME/results/pmi10_v3_balanced_convnext_base_20260502/hpo-v3/logs/0037_295ba9a786fd5cee.stdout.log,/mnt/storage/github/NICME/results/pmi10_v3_balanced_convnext_base_20260502/hpo-v3/logs/0037_295ba9a786fd5cee.stderr.log,0,
38,hpo-v3,convnext_base.fb_in22k_ft_in1k,nicme_v3_hybrid,42,completed,b6687a6d650bcc47,/mnt/storage/github/NICME/results/pmi10_v3_balanced_convnext_base_20260502/hpo-v3/configs/0038_b6687a6d650bcc47.json,results/pmi10_convnext_base_fb_in22k_ft_in1k_test/hpo-v3_convnext_base_fb_in22k_ft_in1k_nicme_v3_hybrid_s42_trial0037_05-02_05-38/metrics_20260502_053836_nicme_v3_hybrid.json,0.9032258064516129,0.9435483870967742,0.01903225806451613,0.19032258064516128,0.9419354838709678,0.9419354838709677,0.9423035054276087,5,1160cbf20c4fac24dc7bb84cbbb229a16545259d585ae1ef1c066e0007082e08,2026-05-02T05:34:19,2026-05-02T05:38:36,257.3,/mnt/storage/github/NICME/results/pmi10_v3_balanced_convnext_base_20260502/hpo-v3/logs/0038_b6687a6d650bcc47.stdout.log,/mnt/storage/github/NICME/results/pmi10_v3_balanced_convnext_base_20260502/hpo-v3/logs/0038_b6687a6d650bcc47.stderr.log,0,
39,hpo-v3,convnext_base.fb_in22k_ft_in1k,nicme_v3_hybrid,42,completed,b484c9a1653dfe7b,/mnt/storage/github/NICME/results/pmi10_v3_balanced_convnext_base_20260502/hpo-v3/configs/0039_b484c9a1653dfe7b.json,results/pmi10_convnext_base_fb_in22k_ft_in1k_test/hpo-v3_convnext_base_fb_in22k_ft_in1k_nicme_v3_hybrid_s42_trial0038_05-02_05-42/metrics_20260502_054247_nicme_v3_hybrid.json,0.9354838709677419,0.9758064516129032,0.005483870967741935,0.054838709677419356,0.9741935483870968,0.9741935483870968,0.9742761851008149,1,1160cbf20c4fac24dc7bb84cbbb229a16545259d585ae1ef1c066e0007082e08,2026-05-02T05:38:36,2026-05-02T05:42:47,251.1,/mnt/storage/github/NICME/results/pmi10_v3_balanced_convnext_base_20260502/hpo-v3/logs/0039_b484c9a1653dfe7b.stdout.log,/mnt/storage/github/NICME/results/pmi10_v3_balanced_convnext_base_20260502/hpo-v3/logs/0039_b484c9a1653dfe7b.stderr.log,0,
40,hpo-v3,convnext_base.fb_in22k_ft_in1k,nicme_v3_hybrid,42,completed,9672bac15f4d607f,/mnt/storage/github/NICME/results/pmi10_v3_balanced_convnext_base_20260502/hpo-v3/configs/0040_9672bac15f4d607f.json,results/pmi10_convnext_base_fb_in22k_ft_in1k_test/hpo-v3_convnext_base_fb_in22k_ft_in1k_nicme_v3_hybrid_s42_trial0039_05-02_05-46/metrics_20260502_054640_nicme_v3_hybrid.json,0.967741935483871,0.9838709677419355,0.007741935483870968,0.07741935483870968,0.9225806451612903,0.9225806451612903,0.9168735796890951,0,1160cbf20c4fac24dc7bb84cbbb229a16545259d585ae1ef1c066e0007082e08,2026-05-02T05:42:47,2026-05-02T05:46:41,233.6,/mnt/storage/github/NICME/results/pmi10_v3_balanced_convnext_base_20260502/hpo-v3/logs/0040_9672bac15f4d607f.stdout.log,/mnt/storage/github/NICME/results/pmi10_v3_balanced_convnext_base_20260502/hpo-v3/logs/0040_9672bac15f4d607f.stderr.log,0,
41,hpo-v3,convnext_base.fb_in22k_ft_in1k,nicme_v3_hybrid,42,completed,6fff4043fa9631ea,/mnt/storage/github/NICME/results/pmi10_v3_balanced_convnext_base_20260502/hpo-v3/configs/0041_6fff4043fa9631ea.json,results/pmi10_convnext_base_fb_in22k_ft_in1k_test/hpo-v3_convnext_base_fb_in22k_ft_in1k_nicme_v3_hybrid_s42_trial0040_05-02_05-50/metrics_20260502_055101_nicme_v3_hybrid.json,0.9032258064516129,0.9758064516129032,0.003870967741935484,0.03870967741935484,0.9612903225806452,0.9612903225806452,0.9610060614073042,0,1160cbf20c4fac24dc7bb84cbbb229a16545259d585ae1ef1c066e0007082e08,2026-05-02T05:46:41,2026-05-02T05:51:02,260.5,/mnt/storage/github/NICME/results/pmi10_v3_balanced_convnext_base_20260502/hpo-v3/logs/0041_6fff4043fa9631ea.stdout.log,/mnt/storage/github/NICME/results/pmi10_v3_balanced_convnext_base_20260502/hpo-v3/logs/0041_6fff4043fa9631ea.stderr.log,0,
42,hpo-v3,convnext_base.fb_in22k_ft_in1k,nicme_v3_hybrid,42,completed,19e69b78e6e32e89,/mnt/storage/github/NICME/results/pmi10_v3_balanced_convnext_base_20260502/hpo-v3/configs/0042_19e69b78e6e32e89.json,results/pmi10_convnext_base_fb_in22k_ft_in1k_test/hpo-v3_convnext_base_fb_in22k_ft_in1k_nicme_v3_hybrid_s42_trial0041_05-02_05-56/metrics_20260502_055654_nicme_v3_hybrid.json,0.967741935483871,0.9919354838709677,0.000967741935483871,0.00967741935483871,0.9903225806451612,0.9903225806451613,0.99031502081707,0,1160cbf20c4fac24dc7bb84cbbb229a16545259d585ae1ef1c066e0007082e08,2026-05-02T05:51:02,2026-05-02T05:56:55,353.2,/mnt/storage/github/NICME/results/pmi10_v3_balanced_convnext_base_20260502/hpo-v3/logs/0042_19e69b78e6e32e89.stdout.log,/mnt/storage/github/NICME/results/pmi10_v3_balanced_convnext_base_20260502/hpo-v3/logs/0042_19e69b78e6e32e89.stderr.log,0,
43,hpo-v3,convnext_base.fb_in22k_ft_in1k,nicme_v3_hybrid,42,completed,0eccfaba56e48bd5,/mnt/storage/github/NICME/results/pmi10_v3_balanced_convnext_base_20260502/hpo-v3/configs/0043_0eccfaba56e48bd5.json,results/pmi10_convnext_base_fb_in22k_ft_in1k_test/hpo-v3_convnext_base_fb_in22k_ft_in1k_nicme_v3_hybrid_s42_trial0042_05-02_06-02/metrics_20260502_060218_nicme_v3_hybrid.json,1.0,1.0,0.005483870967741935,0.054838709677419356,0.9451612903225808,0.9451612903225807,0.9427323431529644,0,1160cbf20c4fac24dc7bb84cbbb229a16545259d585ae1ef1c066e0007082e08,2026-05-02T05:56:55,2026-05-02T06:02:18,323.5,/mnt/storage/github/NICME/results/pmi10_v3_balanced_convnext_base_20260502/hpo-v3/logs/0043_0eccfaba56e48bd5.stdout.log,/mnt/storage/github/NICME/results/pmi10_v3_balanced_convnext_base_20260502/hpo-v3/logs/0043_0eccfaba56e48bd5.stderr.log,0,
44,hpo-v3,convnext_base.fb_in22k_ft_in1k,nicme_v3_hybrid,42,completed,2df2920deed4c13f,/mnt/storage/github/NICME/results/pmi10_v3_balanced_convnext_base_20260502/hpo-v3/configs/0044_2df2920deed4c13f.json,results/pmi10_convnext_base_fb_in22k_ft_in1k_test/hpo-v3_convnext_base_fb_in22k_ft_in1k_nicme_v3_hybrid_s42_trial0043_05-02_06-06/metrics_20260502_060625_nicme_v3_hybrid.json,0.9354838709677419,0.9758064516129032,0.005806451612903226,0.05806451612903226,0.970967741935484,0.9709677419354839,0.9706476639202355,1,1160cbf20c4fac24dc7bb84cbbb229a16545259d585ae1ef1c066e0007082e08,2026-05-02T06:02:18,2026-05-02T06:06:26,247.4,/mnt/storage/github/NICME/results/pmi10_v3_balanced_convnext_base_20260502/hpo-v3/logs/0044_2df2920deed4c13f.stdout.log,/mnt/storage/github/NICME/results/pmi10_v3_balanced_convnext_base_20260502/hpo-v3/logs/0044_2df2920deed4c13f.stderr.log,0,
45,hpo-v3,convnext_base.fb_in22k_ft_in1k,nicme_v3_hybrid,42,completed,52283c7e0a55c08a,/mnt/storage/github/NICME/results/pmi10_v3_balanced_convnext_base_20260502/hpo-v3/configs/0045_52283c7e0a55c08a.json,results/pmi10_convnext_base_fb_in22k_ft_in1k_test/hpo-v3_convnext_base_fb_in22k_ft_in1k_nicme_v3_hybrid_s42_trial0044_05-02_06-11/metrics_20260502_061148_nicme_v3_hybrid.json,0.967741935483871,0.9919354838709677,0.002258064516129032,0.02258064516129032,0.9774193548387096,0.9774193548387097,0.9774402872643704,0,1160cbf20c4fac24dc7bb84cbbb229a16545259d585ae1ef1c066e0007082e08,2026-05-02T06:06:26,2026-05-02T06:11:49,323.2,/mnt/storage/github/NICME/results/pmi10_v3_balanced_convnext_base_20260502/hpo-v3/logs/0045_52283c7e0a55c08a.stdout.log,/mnt/storage/github/NICME/results/pmi10_v3_balanced_convnext_base_20260502/hpo-v3/logs/0045_52283c7e0a55c08a.stderr.log,0,
46,hpo-v3,convnext_base.fb_in22k_ft_in1k,nicme_v3_hybrid,42,completed,27ea41281acb8dc5,/mnt/storage/github/NICME/results/pmi10_v3_balanced_convnext_base_20260502/hpo-v3/configs/0046_27ea41281acb8dc5.json,results/pmi10_convnext_base_fb_in22k_ft_in1k_test/hpo-v3_convnext_base_fb_in22k_ft_in1k_nicme_v3_hybrid_s42_trial0045_05-02_06-17/metrics_20260502_061756_nicme_v3_hybrid.json,0.9354838709677419,0.9838709677419355,0.0016129032258064516,0.016129032258064516,0.9838709677419354,0.9838709677419355,0.983804143126177,0,1160cbf20c4fac24dc7bb84cbbb229a16545259d585ae1ef1c066e0007082e08,2026-05-02T06:11:49,2026-05-02T06:17:56,367.1,/mnt/storage/github/NICME/results/pmi10_v3_balanced_convnext_base_20260502/hpo-v3/logs/0046_27ea41281acb8dc5.stdout.log,/mnt/storage/github/NICME/results/pmi10_v3_balanced_convnext_base_20260502/hpo-v3/logs/0046_27ea41281acb8dc5.stderr.log,0,
47,hpo-v3,convnext_base.fb_in22k_ft_in1k,nicme_v3_hybrid,42,completed,013dda0414258e86,/mnt/storage/github/NICME/results/pmi10_v3_balanced_convnext_base_20260502/hpo-v3/configs/0047_013dda0414258e86.json,results/pmi10_convnext_base_fb_in22k_ft_in1k_test/hpo-v3_convnext_base_fb_in22k_ft_in1k_nicme_v3_hybrid_s42_trial0046_05-02_06-21/metrics_20260502_062202_nicme_v3_hybrid.json,0.8709677419354839,0.9596774193548387,0.0035483870967741938,0.035483870967741936,0.964516129032258,0.964516129032258,0.9646490566533099,0,1160cbf20c4fac24dc7bb84cbbb229a16545259d585ae1ef1c066e0007082e08,2026-05-02T06:17:56,2026-05-02T06:22:03,246.8,/mnt/storage/github/NICME/results/pmi10_v3_balanced_convnext_base_20260502/hpo-v3/logs/0047_013dda0414258e86.stdout.log,/mnt/storage/github/NICME/results/pmi10_v3_balanced_convnext_base_20260502/hpo-v3/logs/0047_013dda0414258e86.stderr.log,0,
48,hpo-v3,convnext_base.fb_in22k_ft_in1k,nicme_v3_hybrid,42,completed,b3f9fc6469bb46f9,/mnt/storage/github/NICME/results/pmi10_v3_balanced_convnext_base_20260502/hpo-v3/configs/0048_b3f9fc6469bb46f9.json,results/pmi10_convnext_base_fb_in22k_ft_in1k_test/hpo-v3_convnext_base_fb_in22k_ft_in1k_nicme_v3_hybrid_s42_trial0047_05-02_06-25/metrics_20260502_062554_nicme_v3_hybrid.json,0.9354838709677419,0.9838709677419355,0.000967741935483871,0.00967741935483871,0.9903225806451612,0.9903225806451613,0.9902662570404506,0,1160cbf20c4fac24dc7bb84cbbb229a16545259d585ae1ef1c066e0007082e08,2026-05-02T06:22:03,2026-05-02T06:25:54,231.3,/mnt/storage/github/NICME/results/pmi10_v3_balanced_convnext_base_20260502/hpo-v3/logs/0048_b3f9fc6469bb46f9.stdout.log,/mnt/storage/github/NICME/results/pmi10_v3_balanced_convnext_base_20260502/hpo-v3/logs/0048_b3f9fc6469bb46f9.stderr.log,0,
49,hpo-v3,convnext_base.fb_in22k_ft_in1k,nicme_v3_hybrid,42,completed,48cbcd1929653fcb,/mnt/storage/github/NICME/results/pmi10_v3_balanced_convnext_base_20260502/hpo-v3/configs/0049_48cbcd1929653fcb.json,results/pmi10_convnext_base_fb_in22k_ft_in1k_test/hpo-v3_convnext_base_fb_in22k_ft_in1k_nicme_v3_hybrid_s42_trial0048_05-02_06-28/metrics_20260502_062843_nicme_v3_hybrid.json,0.8709677419354839,0.9516129032258065,0.02870967741935484,0.2870967741935484,0.7935483870967742,0.7935483870967742,0.7725314258725751,3,1160cbf20c4fac24dc7bb84cbbb229a16545259d585ae1ef1c066e0007082e08,2026-05-02T06:25:54,2026-05-02T06:28:44,169.9,/mnt/storage/github/NICME/results/pmi10_v3_balanced_convnext_base_20260502/hpo-v3/logs/0049_48cbcd1929653fcb.stdout.log,/mnt/storage/github/NICME/results/pmi10_v3_balanced_convnext_base_20260502/hpo-v3/logs/0049_48cbcd1929653fcb.stderr.log,0,
50,hpo-v3,convnext_base.fb_in22k_ft_in1k,nicme_v3_hybrid,42,completed,a3fa9685175a6c59,/mnt/storage/github/NICME/results/pmi10_v3_balanced_convnext_base_20260502/hpo-v3/configs/0050_a3fa9685175a6c59.json,results/pmi10_convnext_base_fb_in22k_ft_in1k_test/hpo-v3_convnext_base_fb_in22k_ft_in1k_nicme_v3_hybrid_s42_trial0049_05-02_06-33/metrics_20260502_063354_nicme_v3_hybrid.json,0.967741935483871,0.9838709677419355,0.007419354838709677,0.07419354838709677,0.9548387096774192,0.9548387096774194,0.9545411469755484,1,1160cbf20c4fac24dc7bb84cbbb229a16545259d585ae1ef1c066e0007082e08,2026-05-02T06:28:44,2026-05-02T06:33:55,310.9,/mnt/storage/github/NICME/results/pmi10_v3_balanced_convnext_base_20260502/hpo-v3/logs/0050_a3fa9685175a6c59.stdout.log,/mnt/storage/github/NICME/results/pmi10_v3_balanced_convnext_base_20260502/hpo-v3/logs/0050_a3fa9685175a6c59.stderr.log,0,
51,hpo-v3,convnext_base.fb_in22k_ft_in1k,nicme_v3_hybrid,42,completed,39ebd92264bfd550,/mnt/storage/github/NICME/results/pmi10_v3_balanced_convnext_base_20260502/hpo-v3/configs/0051_39ebd92264bfd550.json,results/pmi10_convnext_base_fb_in22k_ft_in1k_test/hpo-v3_convnext_base_fb_in22k_ft_in1k_nicme_v3_hybrid_s42_trial0050_05-02_06-38/metrics_20260502_063818_nicme_v3_hybrid.json,0.967741935483871,0.9919354838709677,0.006774193548387097,0.06774193548387097,0.932258064516129,0.932258064516129,0.9285636977756543,0,1160cbf20c4fac24dc7bb84cbbb229a16545259d585ae1ef1c066e0007082e08,2026-05-02T06:33:55,2026-05-02T06:38:18,263.2,/mnt/storage/github/NICME/results/pmi10_v3_balanced_convnext_base_20260502/hpo-v3/logs/0051_39ebd92264bfd550.stdout.log,/mnt/storage/github/NICME/results/pmi10_v3_balanced_convnext_base_20260502/hpo-v3/logs/0051_39ebd92264bfd550.stderr.log,0,
52,hpo-v3,convnext_base.fb_in22k_ft_in1k,nicme_v3_hybrid,42,completed,f01194562c8344a5,/mnt/storage/github/NICME/results/pmi10_v3_balanced_convnext_base_20260502/hpo-v3/configs/0052_f01194562c8344a5.json,results/pmi10_convnext_base_fb_in22k_ft_in1k_test/hpo-v3_convnext_base_fb_in22k_ft_in1k_nicme_v3_hybrid_s42_trial0051_05-02_06-42/metrics_20260502_064223_nicme_v3_hybrid.json,0.9032258064516129,0.967741935483871,0.00967741935483871,0.0967741935483871,0.9612903225806452,0.9612903225806452,0.9608093166764936,2,1160cbf20c4fac24dc7bb84cbbb229a16545259d585ae1ef1c066e0007082e08,2026-05-02T06:38:18,2026-05-02T06:42:24,245.7,/mnt/storage/github/NICME/results/pmi10_v3_balanced_convnext_base_20260502/hpo-v3/logs/0052_f01194562c8344a5.stdout.log,/mnt/storage/github/NICME/results/pmi10_v3_balanced_convnext_base_20260502/hpo-v3/logs/0052_f01194562c8344a5.stderr.log,0,
53,hpo-v3,convnext_base.fb_in22k_ft_in1k,nicme_v3_hybrid,42,completed,9129811f3d035631,/mnt/storage/github/NICME/results/pmi10_v3_balanced_convnext_base_20260502/hpo-v3/configs/0053_9129811f3d035631.json,results/pmi10_convnext_base_fb_in22k_ft_in1k_test/hpo-v3_convnext_base_fb_in22k_ft_in1k_nicme_v3_hybrid_s42_trial0052_05-02_06-48/metrics_20260502_064817_nicme_v3_hybrid.json,1.0,1.0,0.0,0.0,1.0,1.0,1.0,0,1160cbf20c4fac24dc7bb84cbbb229a16545259d585ae1ef1c066e0007082e08,2026-05-02T06:42:24,2026-05-02T06:48:18,354.1,/mnt/storage/github/NICME/results/pmi10_v3_balanced_convnext_base_20260502/hpo-v3/logs/0053_9129811f3d035631.stdout.log,/mnt/storage/github/NICME/results/pmi10_v3_balanced_convnext_base_20260502/hpo-v3/logs/0053_9129811f3d035631.stderr.log,0,
54,hpo-v3,convnext_base.fb_in22k_ft_in1k,nicme_v3_hybrid,42,completed,7e9e31e93caf195a,/mnt/storage/github/NICME/results/pmi10_v3_balanced_convnext_base_20260502/hpo-v3/configs/0054_7e9e31e93caf195a.json,results/pmi10_convnext_base_fb_in22k_ft_in1k_test/hpo-v3_convnext_base_fb_in22k_ft_in1k_nicme_v3_hybrid_s42_trial0053_05-02_06-52/metrics_20260502_065256_nicme_v3_hybrid.json,0.9354838709677419,0.9596774193548387,0.00935483870967742,0.0935483870967742,0.9806451612903226,0.9806451612903225,0.9807336790361646,3,1160cbf20c4fac24dc7bb84cbbb229a16545259d585ae1ef1c066e0007082e08,2026-05-02T06:48:18,2026-05-02T06:52:56,278.4,/mnt/storage/github/NICME/results/pmi10_v3_balanced_convnext_base_20260502/hpo-v3/logs/0054_7e9e31e93caf195a.stdout.log,/mnt/storage/github/NICME/results/pmi10_v3_balanced_convnext_base_20260502/hpo-v3/logs/0054_7e9e31e93caf195a.stderr.log,0,
55,hpo-v3,convnext_base.fb_in22k_ft_in1k,nicme_v3_hybrid,42,completed,100a751466727710,/mnt/storage/github/NICME/results/pmi10_v3_balanced_convnext_base_20260502/hpo-v3/configs/0055_100a751466727710.json,results/pmi10_convnext_base_fb_in22k_ft_in1k_test/hpo-v3_convnext_base_fb_in22k_ft_in1k_nicme_v3_hybrid_s42_trial0054_05-02_06-56/metrics_20260502_065703_nicme_v3_hybrid.json,0.9354838709677419,0.967741935483871,0.01096774193548387,0.10967741935483871,0.9483870967741936,0.9483870967741935,0.9479752968055275,2,1160cbf20c4fac24dc7bb84cbbb229a16545259d585ae1ef1c066e0007082e08,2026-05-02T06:52:56,2026-05-02T06:57:04,247.7,/mnt/storage/github/NICME/results/pmi10_v3_balanced_convnext_base_20260502/hpo-v3/logs/0055_100a751466727710.stdout.log,/mnt/storage/github/NICME/results/pmi10_v3_balanced_convnext_base_20260502/hpo-v3/logs/0055_100a751466727710.stderr.log,0,
56,hpo-v3,convnext_base.fb_in22k_ft_in1k,nicme_v3_hybrid,42,completed,42c6b15f8d176d22,/mnt/storage/github/NICME/results/pmi10_v3_balanced_convnext_base_20260502/hpo-v3/configs/0056_42c6b15f8d176d22.json,results/pmi10_convnext_base_fb_in22k_ft_in1k_test/hpo-v3_convnext_base_fb_in22k_ft_in1k_nicme_v3_hybrid_s42_trial0055_05-02_07-00/metrics_20260502_070022_nicme_v3_hybrid.json,0.9032258064516129,0.9435483870967742,0.016129032258064516,0.16129032258064516,0.964516129032258,0.964516129032258,0.9646580306791476,5,1160cbf20c4fac24dc7bb84cbbb229a16545259d585ae1ef1c066e0007082e08,2026-05-02T06:57:04,2026-05-02T07:00:23,198.9,/mnt/storage/github/NICME/results/pmi10_v3_balanced_convnext_base_20260502/hpo-v3/logs/0056_42c6b15f8d176d22.stdout.log,/mnt/storage/github/NICME/results/pmi10_v3_balanced_convnext_base_20260502/hpo-v3/logs/0056_42c6b15f8d176d22.stderr.log,0,
57,hpo-v3,convnext_base.fb_in22k_ft_in1k,nicme_v3_hybrid,42,completed,08153d68000f005f,/mnt/storage/github/NICME/results/pmi10_v3_balanced_convnext_base_20260502/hpo-v3/configs/0057_08153d68000f005f.json,results/pmi10_convnext_base_fb_in22k_ft_in1k_test/hpo-v3_convnext_base_fb_in22k_ft_in1k_nicme_v3_hybrid_s42_trial0056_05-02_07-04/metrics_20260502_070430_nicme_v3_hybrid.json,0.9354838709677419,0.9758064516129032,0.004838709677419355,0.04838709677419355,0.9806451612903226,0.9806451612903225,0.9808202749715177,1,1160cbf20c4fac24dc7bb84cbbb229a16545259d585ae1ef1c066e0007082e08,2026-05-02T07:00:23,2026-05-02T07:04:30,247.3,/mnt/storage/github/NICME/results/pmi10_v3_balanced_convnext_base_20260502/hpo-v3/logs/0057_08153d68000f005f.stdout.log,/mnt/storage/github/NICME/results/pmi10_v3_balanced_convnext_base_20260502/hpo-v3/logs/0057_08153d68000f005f.stderr.log,0,
58,hpo-v3,convnext_base.fb_in22k_ft_in1k,nicme_v3_hybrid,42,completed,05d69b74f289bd5e,/mnt/storage/github/NICME/results/pmi10_v3_balanced_convnext_base_20260502/hpo-v3/configs/0058_05d69b74f289bd5e.json,results/pmi10_convnext_base_fb_in22k_ft_in1k_test/hpo-v3_convnext_base_fb_in22k_ft_in1k_nicme_v3_hybrid_s42_trial0057_05-02_07-08/metrics_20260502_070835_nicme_v3_hybrid.json,0.967741935483871,0.9838709677419355,0.011612903225806452,0.11612903225806452,0.9129032258064516,0.9129032258064517,0.8990141806646198,1,1160cbf20c4fac24dc7bb84cbbb229a16545259d585ae1ef1c066e0007082e08,2026-05-02T07:04:30,2026-05-02T07:08:35,245.1,/mnt/storage/github/NICME/results/pmi10_v3_balanced_convnext_base_20260502/hpo-v3/logs/0058_05d69b74f289bd5e.stdout.log,/mnt/storage/github/NICME/results/pmi10_v3_balanced_convnext_base_20260502/hpo-v3/logs/0058_05d69b74f289bd5e.stderr.log,0,
59,hpo-v3,convnext_base.fb_in22k_ft_in1k,nicme_v3_hybrid,42,completed,69a71777e5c57019,/mnt/storage/github/NICME/results/pmi10_v3_balanced_convnext_base_20260502/hpo-v3/configs/0059_69a71777e5c57019.json,results/pmi10_convnext_base_fb_in22k_ft_in1k_test/hpo-v3_convnext_base_fb_in22k_ft_in1k_nicme_v3_hybrid_s42_trial0058_05-02_07-12/metrics_20260502_071225_nicme_v3_hybrid.json,0.9354838709677419,0.9838709677419355,0.0016129032258064516,0.016129032258064516,0.9838709677419356,0.9838709677419355,0.9838070843091333,0,1160cbf20c4fac24dc7bb84cbbb229a16545259d585ae1ef1c066e0007082e08,2026-05-02T07:08:35,2026-05-02T07:12:25,230.1,/mnt/storage/github/NICME/results/pmi10_v3_balanced_convnext_base_20260502/hpo-v3/logs/0059_69a71777e5c57019.stdout.log,/mnt/storage/github/NICME/results/pmi10_v3_balanced_convnext_base_20260502/hpo-v3/logs/0059_69a71777e5c57019.stderr.log,0,
60,hpo-v3,convnext_base.fb_in22k_ft_in1k,nicme_v3_hybrid,42,completed,8d4735a183c2e5a3,/mnt/storage/github/NICME/results/pmi10_v3_balanced_convnext_base_20260502/hpo-v3/configs/0060_8d4735a183c2e5a3.json,results/pmi10_convnext_base_fb_in22k_ft_in1k_test/hpo-v3_convnext_base_fb_in22k_ft_in1k_nicme_v3_hybrid_s42_trial0059_05-02_07-16/metrics_20260502_071704_nicme_v3_hybrid.json,0.9354838709677419,0.967741935483871,0.008709677419354838,0.08709677419354839,0.9580645161290322,0.9580645161290322,0.9584127529072006,2,1160cbf20c4fac24dc7bb84cbbb229a16545259d585ae1ef1c066e0007082e08,2026-05-02T07:12:25,2026-05-02T07:17:04,278.9,/mnt/storage/github/NICME/results/pmi10_v3_balanced_convnext_base_20260502/hpo-v3/logs/0060_8d4735a183c2e5a3.stdout.log,/mnt/storage/github/NICME/results/pmi10_v3_balanced_convnext_base_20260502/hpo-v3/logs/0060_8d4735a183c2e5a3.stderr.log,0,
61,hpo-v3,convnext_base.fb_in22k_ft_in1k,nicme_v3_hybrid,42,completed,8f311638c486055c,/mnt/storage/github/NICME/results/pmi10_v3_balanced_convnext_base_20260502/hpo-v3/configs/0061_8f311638c486055c.json,results/pmi10_convnext_base_fb_in22k_ft_in1k_test/hpo-v3_convnext_base_fb_in22k_ft_in1k_nicme_v3_hybrid_s42_trial0060_05-02_07-21/metrics_20260502_072110_nicme_v3_hybrid.json,0.967741935483871,0.9919354838709677,0.004838709677419355,0.04838709677419355,0.9516129032258064,0.9516129032258065,0.9497088292536866,0,1160cbf20c4fac24dc7bb84cbbb229a16545259d585ae1ef1c066e0007082e08,2026-05-02T07:17:04,2026-05-02T07:21:10,245.8,/mnt/storage/github/NICME/results/pmi10_v3_balanced_convnext_base_20260502/hpo-v3/logs/0061_8f311638c486055c.stdout.log,/mnt/storage/github/NICME/results/pmi10_v3_balanced_convnext_base_20260502/hpo-v3/logs/0061_8f311638c486055c.stderr.log,0,
62,hpo-v3,convnext_base.fb_in22k_ft_in1k,nicme_v3_hybrid,42,completed,6f6a4f5ca2729338,/mnt/storage/github/NICME/results/pmi10_v3_balanced_convnext_base_20260502/hpo-v3/configs/0062_6f6a4f5ca2729338.json,results/pmi10_convnext_base_fb_in22k_ft_in1k_test/hpo-v3_convnext_base_fb_in22k_ft_in1k_nicme_v3_hybrid_s42_trial0061_05-02_07-26/metrics_20260502_072632_nicme_v3_hybrid.json,0.967741935483871,0.9919354838709677,0.0016129032258064516,0.016129032258064516,0.9838709677419356,0.9838709677419355,0.9838465779227101,0,1160cbf20c4fac24dc7bb84cbbb229a16545259d585ae1ef1c066e0007082e08,2026-05-02T07:21:10,2026-05-02T07:26:33,322.7,/mnt/storage/github/NICME/results/pmi10_v3_balanced_convnext_base_20260502/hpo-v3/logs/0062_6f6a4f5ca2729338.stdout.log,/mnt/storage/github/NICME/results/pmi10_v3_balanced_convnext_base_20260502/hpo-v3/logs/0062_6f6a4f5ca2729338.stderr.log,0,
63,hpo-v3,convnext_base.fb_in22k_ft_in1k,nicme_v3_hybrid,42,completed,89ee3a021ea4bca5,/mnt/storage/github/NICME/results/pmi10_v3_balanced_convnext_base_20260502/hpo-v3/configs/0063_89ee3a021ea4bca5.json,results/pmi10_convnext_base_fb_in22k_ft_in1k_test/hpo-v3_convnext_base_fb_in22k_ft_in1k_nicme_v3_hybrid_s42_trial0062_05-02_07-32/metrics_20260502_073212_nicme_v3_hybrid.json,0.967741935483871,0.9838709677419355,0.005161290322580645,0.05161290322580645,0.9774193548387096,0.9774193548387097,0.9780404879527449,1,1160cbf20c4fac24dc7bb84cbbb229a16545259d585ae1ef1c066e0007082e08,2026-05-02T07:26:33,2026-05-02T07:32:13,339.7,/mnt/storage/github/NICME/results/pmi10_v3_balanced_convnext_base_20260502/hpo-v3/logs/0063_89ee3a021ea4bca5.stdout.log,/mnt/storage/github/NICME/results/pmi10_v3_balanced_convnext_base_20260502/hpo-v3/logs/0063_89ee3a021ea4bca5.stderr.log,0,
64,hpo-v3,convnext_base.fb_in22k_ft_in1k,nicme_v3_hybrid,42,completed,9b7bdf10f8786f3f,/mnt/storage/github/NICME/results/pmi10_v3_balanced_convnext_base_20260502/hpo-v3/configs/0064_9b7bdf10f8786f3f.json,results/pmi10_convnext_base_fb_in22k_ft_in1k_test/hpo-v3_convnext_base_fb_in22k_ft_in1k_nicme_v3_hybrid_s42_trial0063_05-02_07-35/metrics_20260502_073531_nicme_v3_hybrid.json,0.9032258064516129,0.9596774193548387,0.011935483870967743,0.11935483870967742,0.967741935483871,0.967741935483871,0.96793543070245,3,1160cbf20c4fac24dc7bb84cbbb229a16545259d585ae1ef1c066e0007082e08,2026-05-02T07:32:13,2026-05-02T07:35:31,198.9,/mnt/storage/github/NICME/results/pmi10_v3_balanced_convnext_base_20260502/hpo-v3/logs/0064_9b7bdf10f8786f3f.stdout.log,/mnt/storage/github/NICME/results/pmi10_v3_balanced_convnext_base_20260502/hpo-v3/logs/0064_9b7bdf10f8786f3f.stderr.log,0,
