phase,dataset,model_family,model_checkpoint,method,decision_mode,nicme_logit_cost_scale,cs_lambda,target_class,class_names,cost_matrix_C_true_pred,target_recall_floor,accuracy_floor,accuracy_floor_metric,floor_accuracy_value,target_recall_floor_met,accuracy_floor_met,all_floors_met,normalized_atc,atc,target_recall,target_fnr,target_precision,target_fpr,accuracy,balanced_accuracy,macro_f1,selection_score,auroc,auprc,nll,brier,ece,temperature,confusion_matrix,run,metrics_file,config_file,elapsed_seconds,best_val_selection_score,best_val_normalized_atc,best_val_target_recall,best_val_target_fnr,best_val_accuracy,best_val_balanced_accuracy,best_val_epoch,last_val_selection_score,last_val_normalized_atc,last_val_target_recall,last_val_accuracy
stop2a_nicme_tuning,breakhis_balanced_prototype,vit,google/vit-base-patch16-224-in21k,nicme_hybrid,argmax,0.05,0.25,malignant,"[""benign"", ""malignant""]","[[0.0, 1.0], [10.0, 0.0]]",0.97,0.85,accuracy,0.953125,False,True,False,0.01875,0.1875,0.96875,0.03125,0.9393939393939394,0.0625,0.953125,0.953125,0.9531135531135531,0.01875625,0.95703125,0.9709119862153615,0.5909394148753472,0.39876051324629036,0.39330118428915745,,"[[30, 2], [1, 31]]",stop2a_tune_breakhis_balanced_prototype_vit_hybrid_s0.05_l0.25_04-28_06-57,results/vit_test/stop2a_tune_breakhis_balanced_prototype_vit_hybrid_s0.05_l0.25_04-28_06-57/metrics_20260428_065748_nicme_hybrid.json,results/stop2a_nicme_tuning/configs/057_stop2a_tune_breakhis_balanced_prototype_vit_hybrid_s0.05_l0.25.json,36.28485608100891,0.01406,0.01406,1.0,0.0,0.8594,0.8594,3.0,0.01566,0.01562,1.0,0.8438
stop2a_nicme_tuning,breakhis_balanced_prototype,vit,google/vit-base-patch16-224-in21k,nicme_hybrid,argmax,0.1,0.1,malignant,"[""benign"", ""malignant""]","[[0.0, 1.0], [10.0, 0.0]]",0.97,0.85,accuracy,0.953125,False,True,False,0.01875,0.1875,0.96875,0.03125,0.9393939393939394,0.0625,0.953125,0.953125,0.9531135531135531,0.01875625,0.9580078125,0.970357677515561,0.6029658571699885,0.4105216623007648,0.40056399721652264,,"[[30, 2], [1, 31]]",stop2a_tune_breakhis_balanced_prototype_vit_hybrid_s0.1_l0.1_04-28_06-58,results/vit_test/stop2a_tune_breakhis_balanced_prototype_vit_hybrid_s0.1_l0.1_04-28_06-58/metrics_20260428_065824_nicme_hybrid.json,results/stop2a_nicme_tuning/configs/058_stop2a_tune_breakhis_balanced_prototype_vit_hybrid_s0.1_l0.1.json,35.54741311073303,0.01406,0.01406,1.0,0.0,0.8594,0.8594,3.0,0.01566,0.01562,1.0,0.8438
stop2a_nicme_tuning,breakhis_balanced_prototype,vit,google/vit-base-patch16-224-in21k,nicme_hybrid,argmax,0.05,0.1,malignant,"[""benign"", ""malignant""]","[[0.0, 1.0], [10.0, 0.0]]",0.97,0.85,accuracy,0.953125,False,True,False,0.01875,0.1875,0.96875,0.03125,0.9393939393939394,0.0625,0.953125,0.953125,0.9531135531135531,0.01875625,0.9599609375,0.9726824129652963,0.6011191567900078,0.40870532987558167,0.39962379261851305,,"[[30, 2], [1, 31]]",stop2a_tune_breakhis_balanced_prototype_vit_hybrid_s0.05_l0.1_04-28_06-57,results/vit_test/stop2a_tune_breakhis_balanced_prototype_vit_hybrid_s0.05_l0.1_04-28_06-57/metrics_20260428_065712_nicme_hybrid.json,results/stop2a_nicme_tuning/configs/056_stop2a_tune_breakhis_balanced_prototype_vit_hybrid_s0.05_l0.1.json,36.35754036903381,0.01406,0.01406,1.0,0.0,0.8594,0.8594,3.0,0.01566,0.01562,1.0,0.8438
stop2a_nicme_tuning,breakhis_balanced_prototype,vit,google/vit-base-patch16-224-in21k,nicme_hybrid,argmax,0.1,0.25,malignant,"[""benign"", ""malignant""]","[[0.0, 1.0], [10.0, 0.0]]",0.97,0.85,accuracy,0.953125,False,True,False,0.01875,0.1875,0.96875,0.03125,0.9393939393939394,0.0625,0.953125,0.953125,0.9531135531135531,0.01875625,0.95703125,0.9709119862153615,0.5912307325306811,0.3990383303750951,0.3934907810762525,,"[[30, 2], [1, 31]]",stop2a_tune_breakhis_balanced_prototype_vit_hybrid_s0.1_l0.25_04-28_06-58,results/vit_test/stop2a_tune_breakhis_balanced_prototype_vit_hybrid_s0.1_l0.25_04-28_06-58/metrics_20260428_065900_nicme_hybrid.json,results/stop2a_nicme_tuning/configs/059_stop2a_tune_breakhis_balanced_prototype_vit_hybrid_s0.1_l0.25.json,36.26115322113037,0.01406,0.01406,1.0,0.0,0.8594,0.8594,3.0,0.01406,0.01406,1.0,0.8594
stop2a_nicme_tuning,breakhis_balanced_prototype,vit,google/vit-base-patch16-224-in21k,nicme_hybrid,argmax,0.2,0.25,malignant,"[""benign"", ""malignant""]","[[0.0, 1.0], [10.0, 0.0]]",0.97,0.85,accuracy,0.953125,False,True,False,0.01875,0.1875,0.96875,0.03125,0.9393939393939394,0.0625,0.953125,0.953125,0.9531135531135531,0.01875625,0.95703125,0.9709119862153615,0.591057253076988,0.39888017231051687,0.393315153196454,,"[[30, 2], [1, 31]]",stop2a_tune_breakhis_balanced_prototype_vit_hybrid_s0.2_l0.25_04-28_06-59,results/vit_test/stop2a_tune_breakhis_balanced_prototype_vit_hybrid_s0.2_l0.25_04-28_06-59/metrics_20260428_065936_nicme_hybrid.json,results/stop2a_nicme_tuning/configs/060_stop2a_tune_breakhis_balanced_prototype_vit_hybrid_s0.2_l0.25.json,36.42791271209717,0.01406,0.01406,1.0,0.0,0.8594,0.8594,3.0,0.01406,0.01406,1.0,0.8594
stop2a_nicme_tuning,breakhis_balanced_prototype,convnext,facebook/convnext-tiny-224,nicme_logit_adjustment,argmax,0.1,0.0,malignant,"[""benign"", ""malignant""]","[[0.0, 1.0], [10.0, 0.0]]",0.97,0.85,accuracy,0.9375,False,True,False,0.0203125,0.203125,0.96875,0.03125,0.9117647058823529,0.09375,0.9375,0.9375,0.9374389051808407,0.02031875,0.9462890625,0.9449270767339988,0.4775109072013075,0.2939284255232639,0.2886073384433985,,"[[29, 3], [1, 31]]",stop2a_tune_breakhis_balanced_prototype_convnext_logit_s0.1_04-28_06-45,results/convnext_test/stop2a_tune_breakhis_balanced_prototype_convnext_logit_s0.1_04-28_06-45/metrics_20260428_064528_nicme_logit_adjustment.json,results/stop2a_nicme_tuning/configs/039_stop2a_tune_breakhis_balanced_prototype_convnext_logit_s0.1.json,39.2900116443634,0.01566,0.01562,1.0,0.0,0.8438,0.8438,4.0,0.02973,0.02969,0.9688,0.8438
stop2a_nicme_tuning,breakhis_balanced_prototype,convnext,facebook/convnext-tiny-224,nicme_logit_adjustment,argmax,0.2,0.0,malignant,"[""benign"", ""malignant""]","[[0.0, 1.0], [10.0, 0.0]]",0.97,0.85,accuracy,0.9375,False,True,False,0.0203125,0.203125,0.96875,0.03125,0.9117647058823529,0.09375,0.9375,0.9375,0.9374389051808407,0.02031875,0.9736328125,0.9767441302828985,0.4425085123420608,0.26312462179867935,0.2750790119171142,,"[[29, 3], [1, 31]]",stop2a_tune_breakhis_balanced_prototype_convnext_logit_s0.2_04-28_06-46,results/convnext_test/stop2a_tune_breakhis_balanced_prototype_convnext_logit_s0.2_04-28_06-46/metrics_20260428_064615_nicme_logit_adjustment.json,results/stop2a_nicme_tuning/configs/040_stop2a_tune_breakhis_balanced_prototype_convnext_logit_s0.2.json,47.42142343521118,0.01406,0.01406,1.0,0.0,0.8594,0.8594,6.0,0.01406,0.01406,1.0,0.8594
stop2a_nicme_tuning,breakhis_balanced_prototype,convnext,facebook/convnext-tiny-224,nicme_logit_adjustment,argmax,0.05,0.0,malignant,"[""benign"", ""malignant""]","[[0.0, 1.0], [10.0, 0.0]]",0.97,0.85,accuracy,0.9375,False,True,False,0.0203125,0.203125,0.96875,0.03125,0.9117647058823529,0.09375,0.9375,0.9375,0.9374389051808407,0.02031875,0.94921875,0.9489317462066355,0.4562777979475847,0.2749956219698836,0.27502130437642336,,"[[29, 3], [1, 31]]",stop2a_tune_breakhis_balanced_prototype_convnext_logit_s0.05_04-28_06-44,results/convnext_test/stop2a_tune_breakhis_balanced_prototype_convnext_logit_s0.05_04-28_06-44/metrics_20260428_064448_nicme_logit_adjustment.json,results/stop2a_nicme_tuning/configs/038_stop2a_tune_breakhis_balanced_prototype_convnext_logit_s0.05.json,38.12091565132141,0.01406,0.01406,1.0,0.0,0.8594,0.8594,4.0,0.02973,0.02969,0.9688,0.8438
stop2a_nicme_tuning,breakhis_balanced_prototype,convnext,facebook/convnext-tiny-224,nicme_logit_adjustment,argmax,0.025,0.0,malignant,"[""benign"", ""malignant""]","[[0.0, 1.0], [10.0, 0.0]]",0.97,0.85,accuracy,0.921875,False,True,False,0.021875,0.21875,0.96875,0.03125,0.8857142857142857,0.125,0.921875,0.921875,0.921702960606802,0.021881249999999998,0.943359375,0.9358940798910613,0.5053225919590518,0.31800515400013485,0.2959365490823984,,"[[28, 4], [1, 31]]",stop2a_tune_breakhis_balanced_prototype_convnext_logit_s0.025_04-28_06-44,results/convnext_test/stop2a_tune_breakhis_balanced_prototype_convnext_logit_s0.025_04-28_06-44/metrics_20260428_064410_nicme_logit_adjustment.json,results/stop2a_nicme_tuning/configs/037_stop2a_tune_breakhis_balanced_prototype_convnext_logit_s0.025.json,35.11236572265625,0.02973,0.02969,0.9688,0.03125,0.8438,0.8438,3.0,0.02973,0.02969,0.9688,0.8438
stop2a_nicme_tuning,breakhis_balanced_prototype,convnext,facebook/convnext-tiny-224,nicme_logit_adjustment,argmax,0.35,0.0,malignant,"[""benign"", ""malignant""]","[[0.0, 1.0], [10.0, 0.0]]",0.97,0.85,accuracy,0.890625,False,True,False,0.025,0.25,0.96875,0.03125,0.8378378378378378,0.1875,0.890625,0.890625,0.8899533284205354,0.02500625,0.9677734375,0.9695743427126642,0.5165628012585295,0.329686784995485,0.27450404688715935,,"[[26, 6], [1, 31]]",stop2a_tune_breakhis_balanced_prototype_convnext_logit_s0.35_04-28_06-46,results/convnext_test/stop2a_tune_breakhis_balanced_prototype_convnext_logit_s0.35_04-28_06-46/metrics_20260428_064659_nicme_logit_adjustment.json,results/stop2a_nicme_tuning/configs/041_stop2a_tune_breakhis_balanced_prototype_convnext_logit_s0.35.json,43.682228326797485,0.01406,0.01406,1.0,0.0,0.8594,0.8594,5.0,0.01406,0.01406,1.0,0.8594
stop2a_nicme_tuning,breakhis_balanced_prototype,convnext,facebook/convnext-tiny-224,nicme_logit_adjustment,argmax,0.5,0.0,malignant,"[""benign"", ""malignant""]","[[0.0, 1.0], [10.0, 0.0]]",0.97,0.85,accuracy,0.828125,False,False,False,0.03125,0.3125,0.96875,0.03125,0.7560975609756098,0.3125,0.828125,0.828125,0.8246575342465754,0.031734765625,0.9580078125,0.9616613505470201,0.5529644451670371,0.3637055805983053,0.2697868570685386,,"[[22, 10], [1, 31]]",stop2a_tune_breakhis_balanced_prototype_convnext_logit_s0.5_04-28_06-47,results/convnext_test/stop2a_tune_breakhis_balanced_prototype_convnext_logit_s0.5_04-28_06-47/metrics_20260428_064759_nicme_logit_adjustment.json,results/stop2a_nicme_tuning/configs/042_stop2a_tune_breakhis_balanced_prototype_convnext_logit_s0.5.json,60.67417287826538,0.01566,0.01562,1.0,0.0,0.8438,0.8438,6.0,0.01566,0.01562,1.0,0.8438
stop2a_nicme_tuning,breakhis_balanced_prototype,vit,google/vit-base-patch16-224-in21k,nicme_logit_adjustment,argmax,0.1,0.0,malignant,"[""benign"", ""malignant""]","[[0.0, 1.0], [10.0, 0.0]]",0.97,0.85,accuracy,0.953125,False,True,False,0.0328125,0.328125,0.9375,0.0625,0.967741935483871,0.03125,0.953125,0.953125,0.9531135531135531,0.037037499999999994,0.9755859375,0.9823935198018087,0.37956924320538415,0.208618626937086,0.24907108396291733,,"[[31, 1], [2, 30]]",stop2a_tune_breakhis_balanced_prototype_vit_logit_s0.1_04-28_06-54,results/vit_test/stop2a_tune_breakhis_balanced_prototype_vit_logit_s0.1_04-28_06-54/metrics_20260428_065408_nicme_logit_adjustment.json,results/stop2a_nicme_tuning/configs/051_stop2a_tune_breakhis_balanced_prototype_vit_logit_s0.1.json,36.57017779350281,0.01406,0.01406,1.0,0.0,0.8594,0.8594,3.0,0.05548,0.04844,0.9375,0.7969
stop2a_nicme_tuning,spider_balanced_prototype,vit,google/vit-base-patch16-224-in21k,nicme_logit_adjustment,argmax,0.5,0.0,black_widow,"[""black_widow"", ""false_widow""]","[[0.0, 10.0], [1.0, 0.0]]",0.95,0.8,accuracy,0.796875,False,False,False,0.0484375,0.484375,0.9375,0.0625,0.7317073170731707,0.34375,0.796875,0.796875,0.7927770859277707,0.04907226562499999,0.9052734375,0.9120255159649209,0.5942216897632482,0.40309766079377346,0.22584932576864952,,"[[30, 2], [11, 21]]",stop2a_tune_spider_balanced_prototype_vit_logit_s0.5_04-28_06-31,results/vit_test/stop2a_tune_spider_balanced_prototype_vit_logit_s0.5_04-28_06-31/metrics_20260428_063119_nicme_logit_adjustment.json,results/stop2a_nicme_tuning/configs/006_stop2a_tune_spider_balanced_prototype_vit_logit_s0.5.json,28.676807403564453,0.07207,0.06406,0.9062,0.09375,0.7812,0.7812,5.0,0.07207,0.06406,0.9062,0.7812
stop2a_nicme_tuning,spider_balanced_prototype,vit,google/vit-base-patch16-224-in21k,nicme_hybrid,argmax,0.05,0.25,black_widow,"[""black_widow"", ""false_widow""]","[[0.0, 10.0], [1.0, 0.0]]",0.95,0.8,accuracy,0.78125,False,False,False,0.05,0.5,0.9375,0.0625,0.7142857142857143,0.375,0.78125,0.78125,0.7757757757757757,0.050976562499999996,0.8984375,0.8953634520812176,0.6189190279251362,0.42676060212375494,0.22904841508716342,,"[[30, 2], [12, 20]]",stop2a_tune_spider_balanced_prototype_vit_hybrid_s0.05_l0.25_04-28_06-32,results/vit_test/stop2a_tune_spider_balanced_prototype_vit_hybrid_s0.05_l0.25_04-28_06-32/metrics_20260428_063230_nicme_hybrid.json,results/stop2a_nicme_tuning/configs/009_stop2a_tune_spider_balanced_prototype_vit_hybrid_s0.05_l0.25.json,28.597483158111572,0.07734,0.06719,0.9062,0.09375,0.75,0.75,4.0,0.07734,0.06719,0.9062,0.75
stop2a_nicme_tuning,spider_balanced_prototype,vit,google/vit-base-patch16-224-in21k,nicme_hybrid,argmax,0.1,0.25,black_widow,"[""black_widow"", ""false_widow""]","[[0.0, 10.0], [1.0, 0.0]]",0.95,0.8,accuracy,0.78125,False,False,False,0.05,0.5,0.9375,0.0625,0.7142857142857143,0.375,0.78125,0.78125,0.7757757757757757,0.050976562499999996,0.8994140625,0.8926991454029023,0.6189986660979941,0.4268485866549873,0.22890959400683641,,"[[30, 2], [12, 20]]",stop2a_tune_spider_balanced_prototype_vit_hybrid_s0.1_l0.25_04-28_06-33,results/vit_test/stop2a_tune_spider_balanced_prototype_vit_hybrid_s0.1_l0.25_04-28_06-33/metrics_20260428_063320_nicme_hybrid.json,results/stop2a_nicme_tuning/configs/011_stop2a_tune_spider_balanced_prototype_vit_hybrid_s0.1_l0.25.json,27.985215187072754,0.07734,0.06719,0.9062,0.09375,0.75,0.75,4.0,0.07734,0.06719,0.9062,0.75
stop2a_nicme_tuning,spider_balanced_prototype,vit,google/vit-base-patch16-224-in21k,nicme_hybrid,argmax,0.2,0.25,black_widow,"[""black_widow"", ""false_widow""]","[[0.0, 10.0], [1.0, 0.0]]",0.95,0.8,accuracy,0.765625,False,False,False,0.0515625,0.515625,0.9375,0.0625,0.6976744186046512,0.40625,0.765625,0.765625,0.7584905660377359,0.05336914062499999,0.9013671875,0.8983814380280404,0.6204613857730309,0.42832326052387576,0.2129687592387199,,"[[30, 2], [13, 19]]",stop2a_tune_spider_balanced_prototype_vit_hybrid_s0.2_l0.25_04-28_06-33,results/vit_test/stop2a_tune_spider_balanced_prototype_vit_hybrid_s0.2_l0.25_04-28_06-33/metrics_20260428_063347_nicme_hybrid.json,results/stop2a_nicme_tuning/configs/012_stop2a_tune_spider_balanced_prototype_vit_hybrid_s0.2_l0.25.json,27.631856203079224,0.05337,0.05156,0.9375,0.0625,0.7656,0.7656,4.0,0.05337,0.05156,0.9375,0.7656
stop2a_nicme_tuning,spider_balanced_prototype,vit,google/vit-base-patch16-224-in21k,nicme_logit_adjustment,argmax,0.1,0.0,black_widow,"[""black_widow"", ""false_widow""]","[[0.0, 10.0], [1.0, 0.0]]",0.95,0.8,accuracy,0.734375,False,False,False,0.0546875,0.546875,0.9375,0.0625,0.6666666666666666,0.46875,0.734375,0.734375,0.722943722943723,0.059619140625,0.8515625,0.8206974809428464,0.6495115234660993,0.4567744321376731,0.1977098230272532,,"[[30, 2], [15, 17]]",stop2a_tune_spider_balanced_prototype_vit_logit_s0.1_04-28_06-30,results/vit_test/stop2a_tune_spider_balanced_prototype_vit_logit_s0.1_04-28_06-30/metrics_20260428_063008_nicme_logit_adjustment.json,results/stop2a_nicme_tuning/configs/003_stop2a_tune_spider_balanced_prototype_vit_logit_s0.1.json,21.686848878860474,0.09907,0.075,0.9062,0.09375,0.6719,0.6719,1.0,0.2295,0.1156,0.7812,0.8281
stop2a_nicme_tuning,spider_balanced_prototype,timm_dinov3_vit_lora,timm/vit_small_patch16_dinov3.lvd1689m,nicme_logit_adjustment,argmax,0.2,0.0,black_widow,"[""black_widow"", ""false_widow""]","[[0.0, 10.0], [1.0, 0.0]]",0.95,0.8,accuracy,0.6875,False,False,False,0.059375,0.59375,0.9375,0.0625,0.625,0.5625,0.6875,0.6875,0.6666666666666667,0.07265625,0.8095703125,0.8309728961441203,0.6892110396013308,0.49606418406704,0.18388759531080723,,"[[30, 2], [18, 14]]",stop2a_tune_spider_balanced_prototype_timm_dinov3_vit_lora_logit_s0.2_04-28_06-35,results/timm_dinov3_vit_lora_test/stop2a_tune_spider_balanced_prototype_timm_dinov3_vit_lora_logit_s0.2_04-28_06-35/metrics_20260428_063523_nicme_logit_adjustment.json,results/stop2a_nicme_tuning/configs/016_stop2a_tune_spider_balanced_prototype_timm_dinov3_vit_lora_logit_s0.2.json,23.690141916275024,0.1227,0.0875,0.875,0.125,0.6875,0.6875,3.0,0.1594,0.1016,0.8438,0.6875
stop2a_nicme_tuning,spider_balanced_prototype,timm_dinov3_vit_lora,timm/vit_small_patch16_dinov3.lvd1689m,nicme_logit_adjustment,argmax,0.05,0.0,black_widow,"[""black_widow"", ""false_widow""]","[[0.0, 10.0], [1.0, 0.0]]",0.95,0.8,accuracy,0.6875,False,False,False,0.059375,0.59375,0.9375,0.0625,0.625,0.5625,0.6875,0.6875,0.6666666666666667,0.07265625,0.8125,0.8357844562339967,0.6883567541803189,0.49521017165925973,0.18297694995999336,,"[[30, 2], [18, 14]]",stop2a_tune_spider_balanced_prototype_timm_dinov3_vit_lora_logit_s0.05_04-28_06-34,results/timm_dinov3_vit_lora_test/stop2a_tune_spider_balanced_prototype_timm_dinov3_vit_lora_logit_s0.05_04-28_06-34/metrics_20260428_063436_nicme_logit_adjustment.json,results/stop2a_nicme_tuning/configs/014_stop2a_tune_spider_balanced_prototype_timm_dinov3_vit_lora_logit_s0.05.json,24.722150087356567,0.1338,0.09062,0.875,0.125,0.6562,0.6562,4.0,0.1338,0.09062,0.875,0.6562
stop2a_nicme_tuning,spider_balanced_prototype,timm_dinov3_vit_lora,timm/vit_small_patch16_dinov3.lvd1689m,nicme_hybrid,argmax,0.1,0.1,black_widow,"[""black_widow"", ""false_widow""]","[[0.0, 10.0], [1.0, 0.0]]",0.95,0.8,accuracy,0.625,True,False,False,0.0515625,0.515625,0.96875,0.03125,0.5740740740740741,0.71875,0.625,0.625,0.5747508305647842,0.08218750000000001,0.83203125,0.8348635167885816,0.690516460200211,0.49736942121947114,0.12214841321110725,,"[[31, 1], [23, 9]]",stop2a_tune_spider_balanced_prototype_timm_dinov3_vit_lora_hybrid_s0.1_l0.1_04-28_06-37,results/timm_dinov3_vit_lora_test/stop2a_tune_spider_balanced_prototype_timm_dinov3_vit_lora_hybrid_s0.1_l0.1_04-28_06-37/metrics_20260428_063742_nicme_hybrid.json,results/stop2a_nicme_tuning/configs/022_stop2a_tune_spider_balanced_prototype_timm_dinov3_vit_lora_hybrid_s0.1_l0.1.json,23.65024423599243,0.133,0.08281,0.9062,0.09375,0.5938,0.5938,5.0,0.133,0.08281,0.9062,0.5938
stop2a_nicme_tuning,spider_balanced_prototype,timm_dinov3_vit_lora,timm/vit_small_patch16_dinov3.lvd1689m,nicme_hybrid,argmax,0.025,0.1,black_widow,"[""black_widow"", ""false_widow""]","[[0.0, 10.0], [1.0, 0.0]]",0.95,0.8,accuracy,0.625,True,False,False,0.0515625,0.515625,0.96875,0.03125,0.5740740740740741,0.71875,0.625,0.625,0.5747508305647842,0.08218750000000001,0.83203125,0.8348635167885816,0.690516460200211,0.49736942121947114,0.12214841321110725,,"[[31, 1], [23, 9]]",stop2a_tune_spider_balanced_prototype_timm_dinov3_vit_lora_hybrid_s0.025_l0.1_04-28_06-36,results/timm_dinov3_vit_lora_test/stop2a_tune_spider_balanced_prototype_timm_dinov3_vit_lora_hybrid_s0.025_l0.1_04-28_06-36/metrics_20260428_063631_nicme_hybrid.json,results/stop2a_nicme_tuning/configs/019_stop2a_tune_spider_balanced_prototype_timm_dinov3_vit_lora_hybrid_s0.025_l0.1.json,23.244281768798828,0.133,0.08281,0.9062,0.09375,0.5938,0.5938,5.0,0.133,0.08281,0.9062,0.5938
stop2a_nicme_tuning,spider_balanced_prototype,timm_dinov3_vit_lora,timm/vit_small_patch16_dinov3.lvd1689m,nicme_hybrid,argmax,0.05,0.1,black_widow,"[""black_widow"", ""false_widow""]","[[0.0, 10.0], [1.0, 0.0]]",0.95,0.8,accuracy,0.625,True,False,False,0.0515625,0.515625,0.96875,0.03125,0.5740740740740741,0.71875,0.625,0.625,0.5747508305647842,0.08218750000000001,0.83203125,0.8348635167885816,0.690516460200211,0.49736942121947114,0.12214841321110725,,"[[31, 1], [23, 9]]",stop2a_tune_spider_balanced_prototype_timm_dinov3_vit_lora_hybrid_s0.05_l0.1_04-28_06-36,results/timm_dinov3_vit_lora_test/stop2a_tune_spider_balanced_prototype_timm_dinov3_vit_lora_hybrid_s0.05_l0.1_04-28_06-36/metrics_20260428_063655_nicme_hybrid.json,results/stop2a_nicme_tuning/configs/020_stop2a_tune_spider_balanced_prototype_timm_dinov3_vit_lora_hybrid_s0.05_l0.1.json,23.282803297042847,0.133,0.08281,0.9062,0.09375,0.5938,0.5938,5.0,0.133,0.08281,0.9062,0.5938
stop2a_nicme_tuning,spider_balanced_prototype,timm_dinov3_vit_lora,timm/vit_small_patch16_dinov3.lvd1689m,nicme_hybrid,argmax,0.1,0.25,black_widow,"[""black_widow"", ""false_widow""]","[[0.0, 10.0], [1.0, 0.0]]",0.95,0.8,accuracy,0.609375,True,False,False,0.053125,0.53125,0.96875,0.03125,0.5636363636363636,0.75,0.609375,0.609375,0.551443790299972,0.08946289062500001,0.8193359375,0.8173414255646466,0.6904649226563202,0.4973179035186116,0.10636393539607525,,"[[31, 1], [24, 8]]",stop2a_tune_spider_balanced_prototype_timm_dinov3_vit_lora_hybrid_s0.1_l0.25_04-28_06-38,results/timm_dinov3_vit_lora_test/stop2a_tune_spider_balanced_prototype_timm_dinov3_vit_lora_hybrid_s0.1_l0.25_04-28_06-38/metrics_20260428_063807_nicme_hybrid.json,results/stop2a_nicme_tuning/configs/023_stop2a_tune_spider_balanced_prototype_timm_dinov3_vit_lora_hybrid_s0.1_l0.25.json,24.178560495376587,0.133,0.08281,0.9062,0.09375,0.5938,0.5938,5.0,0.133,0.08281,0.9062,0.5938
stop2a_nicme_tuning,spider_balanced_prototype,timm_dinov3_vit_lora,timm/vit_small_patch16_dinov3.lvd1689m,nicme_hybrid,argmax,0.05,0.25,black_widow,"[""black_widow"", ""false_widow""]","[[0.0, 10.0], [1.0, 0.0]]",0.95,0.8,accuracy,0.609375,True,False,False,0.053125,0.53125,0.96875,0.03125,0.5636363636363636,0.75,0.609375,0.609375,0.551443790299972,0.08946289062500001,0.8193359375,0.8173414255646466,0.6904649226563202,0.4973179035186116,0.10636393539607525,,"[[31, 1], [24, 8]]",stop2a_tune_spider_balanced_prototype_timm_dinov3_vit_lora_hybrid_s0.05_l0.25_04-28_06-37,results/timm_dinov3_vit_lora_test/stop2a_tune_spider_balanced_prototype_timm_dinov3_vit_lora_hybrid_s0.05_l0.25_04-28_06-37/metrics_20260428_063719_nicme_hybrid.json,results/stop2a_nicme_tuning/configs/021_stop2a_tune_spider_balanced_prototype_timm_dinov3_vit_lora_hybrid_s0.05_l0.25.json,24.130239248275757,0.133,0.08281,0.9062,0.09375,0.5938,0.5938,5.0,0.133,0.08281,0.9062,0.5938
