run_id,phase,method,role,comparison_profile,learning_rate_profile,learning_rate,parent_learning_rate,alpha,cs_lambda,status,config_hash,config_path,metric_path,checkpoint_path,prediction_mode,target_recall_min,target_recall_macro,normalized_atc,atc,balanced_accuracy,accuracy,macro_f1,critical_pair_error_count,validation_target_recall_min,validation_target_recall_macro,validation_normalized_atc,validation_atc,validation_balanced_accuracy,validation_accuracy,validation_macro_f1,validation_critical_pair_error_count,cost_matrix_sha256,start_time,end_time,elapsed_seconds,stdout_log,stderr_log,returncode,failure_reason
1,dry-run,nicme_grid7_a0_l0_pmi20,pmi20_nicme_alpha_lambda_grid7_seed42,pmi20_nicme_alpha_lambda_grid7_lr5e5_seed42,lr5e5,5e-05,5e-05,0.0,0.0,planned,0cf8349a089d6e8c,/mnt/storage/github/NICME/results/pmi20_nicme_alpha_lambda_grid7_lr5e5_seed42_20260506/seeds/seed_42/dry-run/configs/0001_0cf8349a089d6e8c.json,,checkpoints/pmi20_alpha_lambda_grid7_dry-run_a0_l0_lr5e5_s42,argmax,,,,,,,,,,,,,,,,,af92dbd367c299056f5f41dab4f3b4330a6171b856e8822bac0357fdfe4289d2,,,,,,,
2,dry-run,nicme_grid7_a0_l0p02_pmi20,pmi20_nicme_alpha_lambda_grid7_seed42,pmi20_nicme_alpha_lambda_grid7_lr5e5_seed42,lr5e5,5e-05,5e-05,0.0,0.02,planned,b009bca7c02fc929,/mnt/storage/github/NICME/results/pmi20_nicme_alpha_lambda_grid7_lr5e5_seed42_20260506/seeds/seed_42/dry-run/configs/0002_b009bca7c02fc929.json,,checkpoints/pmi20_alpha_lambda_grid7_dry-run_a0_l0p02_lr5e5_s42,argmax,,,,,,,,,,,,,,,,,af92dbd367c299056f5f41dab4f3b4330a6171b856e8822bac0357fdfe4289d2,,,,,,,
3,dry-run,nicme_grid7_a0_l0p05_pmi20,pmi20_nicme_alpha_lambda_grid7_seed42,pmi20_nicme_alpha_lambda_grid7_lr5e5_seed42,lr5e5,5e-05,5e-05,0.0,0.05,planned,553c45f4321cae7a,/mnt/storage/github/NICME/results/pmi20_nicme_alpha_lambda_grid7_lr5e5_seed42_20260506/seeds/seed_42/dry-run/configs/0003_553c45f4321cae7a.json,,checkpoints/pmi20_alpha_lambda_grid7_dry-run_a0_l0p05_lr5e5_s42,argmax,,,,,,,,,,,,,,,,,af92dbd367c299056f5f41dab4f3b4330a6171b856e8822bac0357fdfe4289d2,,,,,,,
4,dry-run,nicme_grid7_a0_l0p07_pmi20,pmi20_nicme_alpha_lambda_grid7_seed42,pmi20_nicme_alpha_lambda_grid7_lr5e5_seed42,lr5e5,5e-05,5e-05,0.0,0.07,planned,24860f61a2156197,/mnt/storage/github/NICME/results/pmi20_nicme_alpha_lambda_grid7_lr5e5_seed42_20260506/seeds/seed_42/dry-run/configs/0004_24860f61a2156197.json,,checkpoints/pmi20_alpha_lambda_grid7_dry-run_a0_l0p07_lr5e5_s42,argmax,,,,,,,,,,,,,,,,,af92dbd367c299056f5f41dab4f3b4330a6171b856e8822bac0357fdfe4289d2,,,,,,,
5,dry-run,nicme_grid7_a0_l0p1_pmi20,pmi20_nicme_alpha_lambda_grid7_seed42,pmi20_nicme_alpha_lambda_grid7_lr5e5_seed42,lr5e5,5e-05,5e-05,0.0,0.1,planned,ba91dbf53be6b249,/mnt/storage/github/NICME/results/pmi20_nicme_alpha_lambda_grid7_lr5e5_seed42_20260506/seeds/seed_42/dry-run/configs/0005_ba91dbf53be6b249.json,,checkpoints/pmi20_alpha_lambda_grid7_dry-run_a0_l0p1_lr5e5_s42,argmax,,,,,,,,,,,,,,,,,af92dbd367c299056f5f41dab4f3b4330a6171b856e8822bac0357fdfe4289d2,,,,,,,
6,dry-run,nicme_grid7_a0_l0p2_pmi20,pmi20_nicme_alpha_lambda_grid7_seed42,pmi20_nicme_alpha_lambda_grid7_lr5e5_seed42,lr5e5,5e-05,5e-05,0.0,0.2,planned,039f16da6c45524e,/mnt/storage/github/NICME/results/pmi20_nicme_alpha_lambda_grid7_lr5e5_seed42_20260506/seeds/seed_42/dry-run/configs/0006_039f16da6c45524e.json,,checkpoints/pmi20_alpha_lambda_grid7_dry-run_a0_l0p2_lr5e5_s42,argmax,,,,,,,,,,,,,,,,,af92dbd367c299056f5f41dab4f3b4330a6171b856e8822bac0357fdfe4289d2,,,,,,,
7,dry-run,nicme_grid7_a0_l0p3_pmi20,pmi20_nicme_alpha_lambda_grid7_seed42,pmi20_nicme_alpha_lambda_grid7_lr5e5_seed42,lr5e5,5e-05,5e-05,0.0,0.3,planned,d76014ab4a031fac,/mnt/storage/github/NICME/results/pmi20_nicme_alpha_lambda_grid7_lr5e5_seed42_20260506/seeds/seed_42/dry-run/configs/0007_d76014ab4a031fac.json,,checkpoints/pmi20_alpha_lambda_grid7_dry-run_a0_l0p3_lr5e5_s42,argmax,,,,,,,,,,,,,,,,,af92dbd367c299056f5f41dab4f3b4330a6171b856e8822bac0357fdfe4289d2,,,,,,,
8,dry-run,nicme_grid7_a0p05_l0_pmi20,pmi20_nicme_alpha_lambda_grid7_seed42,pmi20_nicme_alpha_lambda_grid7_lr5e5_seed42,lr5e5,5e-05,5e-05,0.05,0.0,planned,3761d113b5ef0fc6,/mnt/storage/github/NICME/results/pmi20_nicme_alpha_lambda_grid7_lr5e5_seed42_20260506/seeds/seed_42/dry-run/configs/0008_3761d113b5ef0fc6.json,,checkpoints/pmi20_alpha_lambda_grid7_dry-run_a0p05_l0_lr5e5_s42,argmax,,,,,,,,,,,,,,,,,af92dbd367c299056f5f41dab4f3b4330a6171b856e8822bac0357fdfe4289d2,,,,,,,
9,dry-run,nicme_grid7_a0p05_l0p02_pmi20,pmi20_nicme_alpha_lambda_grid7_seed42,pmi20_nicme_alpha_lambda_grid7_lr5e5_seed42,lr5e5,5e-05,5e-05,0.05,0.02,planned,807a3053c559acdf,/mnt/storage/github/NICME/results/pmi20_nicme_alpha_lambda_grid7_lr5e5_seed42_20260506/seeds/seed_42/dry-run/configs/0009_807a3053c559acdf.json,,checkpoints/pmi20_alpha_lambda_grid7_dry-run_a0p05_l0p02_lr5e5_s42,argmax,,,,,,,,,,,,,,,,,af92dbd367c299056f5f41dab4f3b4330a6171b856e8822bac0357fdfe4289d2,,,,,,,
10,dry-run,nicme_grid7_a0p05_l0p05_pmi20,pmi20_nicme_alpha_lambda_grid7_seed42,pmi20_nicme_alpha_lambda_grid7_lr5e5_seed42,lr5e5,5e-05,5e-05,0.05,0.05,planned,84f7ee30ad0a1a69,/mnt/storage/github/NICME/results/pmi20_nicme_alpha_lambda_grid7_lr5e5_seed42_20260506/seeds/seed_42/dry-run/configs/0010_84f7ee30ad0a1a69.json,,checkpoints/pmi20_alpha_lambda_grid7_dry-run_a0p05_l0p05_lr5e5_s42,argmax,,,,,,,,,,,,,,,,,af92dbd367c299056f5f41dab4f3b4330a6171b856e8822bac0357fdfe4289d2,,,,,,,
11,dry-run,nicme_grid7_a0p05_l0p07_pmi20,pmi20_nicme_alpha_lambda_grid7_seed42,pmi20_nicme_alpha_lambda_grid7_lr5e5_seed42,lr5e5,5e-05,5e-05,0.05,0.07,planned,417326a972e50775,/mnt/storage/github/NICME/results/pmi20_nicme_alpha_lambda_grid7_lr5e5_seed42_20260506/seeds/seed_42/dry-run/configs/0011_417326a972e50775.json,,checkpoints/pmi20_alpha_lambda_grid7_dry-run_a0p05_l0p07_lr5e5_s42,argmax,,,,,,,,,,,,,,,,,af92dbd367c299056f5f41dab4f3b4330a6171b856e8822bac0357fdfe4289d2,,,,,,,
12,dry-run,nicme_grid7_a0p05_l0p1_pmi20,pmi20_nicme_alpha_lambda_grid7_seed42,pmi20_nicme_alpha_lambda_grid7_lr5e5_seed42,lr5e5,5e-05,5e-05,0.05,0.1,planned,64c7ff8754cb2d69,/mnt/storage/github/NICME/results/pmi20_nicme_alpha_lambda_grid7_lr5e5_seed42_20260506/seeds/seed_42/dry-run/configs/0012_64c7ff8754cb2d69.json,,checkpoints/pmi20_alpha_lambda_grid7_dry-run_a0p05_l0p1_lr5e5_s42,argmax,,,,,,,,,,,,,,,,,af92dbd367c299056f5f41dab4f3b4330a6171b856e8822bac0357fdfe4289d2,,,,,,,
13,dry-run,nicme_grid7_a0p05_l0p2_pmi20,pmi20_nicme_alpha_lambda_grid7_seed42,pmi20_nicme_alpha_lambda_grid7_lr5e5_seed42,lr5e5,5e-05,5e-05,0.05,0.2,planned,26c333efb80a5b1d,/mnt/storage/github/NICME/results/pmi20_nicme_alpha_lambda_grid7_lr5e5_seed42_20260506/seeds/seed_42/dry-run/configs/0013_26c333efb80a5b1d.json,,checkpoints/pmi20_alpha_lambda_grid7_dry-run_a0p05_l0p2_lr5e5_s42,argmax,,,,,,,,,,,,,,,,,af92dbd367c299056f5f41dab4f3b4330a6171b856e8822bac0357fdfe4289d2,,,,,,,
14,dry-run,nicme_grid7_a0p05_l0p3_pmi20,pmi20_nicme_alpha_lambda_grid7_seed42,pmi20_nicme_alpha_lambda_grid7_lr5e5_seed42,lr5e5,5e-05,5e-05,0.05,0.3,planned,4493c4fc596fa8aa,/mnt/storage/github/NICME/results/pmi20_nicme_alpha_lambda_grid7_lr5e5_seed42_20260506/seeds/seed_42/dry-run/configs/0014_4493c4fc596fa8aa.json,,checkpoints/pmi20_alpha_lambda_grid7_dry-run_a0p05_l0p3_lr5e5_s42,argmax,,,,,,,,,,,,,,,,,af92dbd367c299056f5f41dab4f3b4330a6171b856e8822bac0357fdfe4289d2,,,,,,,
15,dry-run,nicme_grid7_a0p1_l0_pmi20,pmi20_nicme_alpha_lambda_grid7_seed42,pmi20_nicme_alpha_lambda_grid7_lr5e5_seed42,lr5e5,5e-05,5e-05,0.1,0.0,planned,154008c50d83566f,/mnt/storage/github/NICME/results/pmi20_nicme_alpha_lambda_grid7_lr5e5_seed42_20260506/seeds/seed_42/dry-run/configs/0015_154008c50d83566f.json,,checkpoints/pmi20_alpha_lambda_grid7_dry-run_a0p1_l0_lr5e5_s42,argmax,,,,,,,,,,,,,,,,,af92dbd367c299056f5f41dab4f3b4330a6171b856e8822bac0357fdfe4289d2,,,,,,,
16,dry-run,nicme_grid7_a0p1_l0p02_pmi20,pmi20_nicme_alpha_lambda_grid7_seed42,pmi20_nicme_alpha_lambda_grid7_lr5e5_seed42,lr5e5,5e-05,5e-05,0.1,0.02,planned,b31d34b92ec25959,/mnt/storage/github/NICME/results/pmi20_nicme_alpha_lambda_grid7_lr5e5_seed42_20260506/seeds/seed_42/dry-run/configs/0016_b31d34b92ec25959.json,,checkpoints/pmi20_alpha_lambda_grid7_dry-run_a0p1_l0p02_lr5e5_s42,argmax,,,,,,,,,,,,,,,,,af92dbd367c299056f5f41dab4f3b4330a6171b856e8822bac0357fdfe4289d2,,,,,,,
17,dry-run,nicme_grid7_a0p1_l0p05_pmi20,pmi20_nicme_alpha_lambda_grid7_seed42,pmi20_nicme_alpha_lambda_grid7_lr5e5_seed42,lr5e5,5e-05,5e-05,0.1,0.05,planned,391b4dcf1cb2df30,/mnt/storage/github/NICME/results/pmi20_nicme_alpha_lambda_grid7_lr5e5_seed42_20260506/seeds/seed_42/dry-run/configs/0017_391b4dcf1cb2df30.json,,checkpoints/pmi20_alpha_lambda_grid7_dry-run_a0p1_l0p05_lr5e5_s42,argmax,,,,,,,,,,,,,,,,,af92dbd367c299056f5f41dab4f3b4330a6171b856e8822bac0357fdfe4289d2,,,,,,,
18,dry-run,nicme_grid7_a0p1_l0p07_pmi20,pmi20_nicme_alpha_lambda_grid7_seed42,pmi20_nicme_alpha_lambda_grid7_lr5e5_seed42,lr5e5,5e-05,5e-05,0.1,0.07,planned,6169aeae2b487c2b,/mnt/storage/github/NICME/results/pmi20_nicme_alpha_lambda_grid7_lr5e5_seed42_20260506/seeds/seed_42/dry-run/configs/0018_6169aeae2b487c2b.json,,checkpoints/pmi20_alpha_lambda_grid7_dry-run_a0p1_l0p07_lr5e5_s42,argmax,,,,,,,,,,,,,,,,,af92dbd367c299056f5f41dab4f3b4330a6171b856e8822bac0357fdfe4289d2,,,,,,,
19,dry-run,nicme_grid7_a0p1_l0p1_pmi20,pmi20_nicme_alpha_lambda_grid7_seed42,pmi20_nicme_alpha_lambda_grid7_lr5e5_seed42,lr5e5,5e-05,5e-05,0.1,0.1,planned,884de32d1ddf8a4d,/mnt/storage/github/NICME/results/pmi20_nicme_alpha_lambda_grid7_lr5e5_seed42_20260506/seeds/seed_42/dry-run/configs/0019_884de32d1ddf8a4d.json,,checkpoints/pmi20_alpha_lambda_grid7_dry-run_a0p1_l0p1_lr5e5_s42,argmax,,,,,,,,,,,,,,,,,af92dbd367c299056f5f41dab4f3b4330a6171b856e8822bac0357fdfe4289d2,,,,,,,
20,dry-run,nicme_grid7_a0p1_l0p2_pmi20,pmi20_nicme_alpha_lambda_grid7_seed42,pmi20_nicme_alpha_lambda_grid7_lr5e5_seed42,lr5e5,5e-05,5e-05,0.1,0.2,planned,a79f1386b3f22417,/mnt/storage/github/NICME/results/pmi20_nicme_alpha_lambda_grid7_lr5e5_seed42_20260506/seeds/seed_42/dry-run/configs/0020_a79f1386b3f22417.json,,checkpoints/pmi20_alpha_lambda_grid7_dry-run_a0p1_l0p2_lr5e5_s42,argmax,,,,,,,,,,,,,,,,,af92dbd367c299056f5f41dab4f3b4330a6171b856e8822bac0357fdfe4289d2,,,,,,,
21,dry-run,nicme_grid7_a0p1_l0p3_pmi20,pmi20_nicme_alpha_lambda_grid7_seed42,pmi20_nicme_alpha_lambda_grid7_lr5e5_seed42,lr5e5,5e-05,5e-05,0.1,0.3,planned,b6a4c9dcce93f19b,/mnt/storage/github/NICME/results/pmi20_nicme_alpha_lambda_grid7_lr5e5_seed42_20260506/seeds/seed_42/dry-run/configs/0021_b6a4c9dcce93f19b.json,,checkpoints/pmi20_alpha_lambda_grid7_dry-run_a0p1_l0p3_lr5e5_s42,argmax,,,,,,,,,,,,,,,,,af92dbd367c299056f5f41dab4f3b4330a6171b856e8822bac0357fdfe4289d2,,,,,,,
22,dry-run,nicme_grid7_a0p2_l0_pmi20,pmi20_nicme_alpha_lambda_grid7_seed42,pmi20_nicme_alpha_lambda_grid7_lr5e5_seed42,lr5e5,5e-05,5e-05,0.2,0.0,planned,b156cafb46dd147d,/mnt/storage/github/NICME/results/pmi20_nicme_alpha_lambda_grid7_lr5e5_seed42_20260506/seeds/seed_42/dry-run/configs/0022_b156cafb46dd147d.json,,checkpoints/pmi20_alpha_lambda_grid7_dry-run_a0p2_l0_lr5e5_s42,argmax,,,,,,,,,,,,,,,,,af92dbd367c299056f5f41dab4f3b4330a6171b856e8822bac0357fdfe4289d2,,,,,,,
23,dry-run,nicme_grid7_a0p2_l0p02_pmi20,pmi20_nicme_alpha_lambda_grid7_seed42,pmi20_nicme_alpha_lambda_grid7_lr5e5_seed42,lr5e5,5e-05,5e-05,0.2,0.02,planned,6b8458146232901e,/mnt/storage/github/NICME/results/pmi20_nicme_alpha_lambda_grid7_lr5e5_seed42_20260506/seeds/seed_42/dry-run/configs/0023_6b8458146232901e.json,,checkpoints/pmi20_alpha_lambda_grid7_dry-run_a0p2_l0p02_lr5e5_s42,argmax,,,,,,,,,,,,,,,,,af92dbd367c299056f5f41dab4f3b4330a6171b856e8822bac0357fdfe4289d2,,,,,,,
24,dry-run,nicme_grid7_a0p2_l0p05_pmi20,pmi20_nicme_alpha_lambda_grid7_seed42,pmi20_nicme_alpha_lambda_grid7_lr5e5_seed42,lr5e5,5e-05,5e-05,0.2,0.05,planned,03396eedc1e0b409,/mnt/storage/github/NICME/results/pmi20_nicme_alpha_lambda_grid7_lr5e5_seed42_20260506/seeds/seed_42/dry-run/configs/0024_03396eedc1e0b409.json,,checkpoints/pmi20_alpha_lambda_grid7_dry-run_a0p2_l0p05_lr5e5_s42,argmax,,,,,,,,,,,,,,,,,af92dbd367c299056f5f41dab4f3b4330a6171b856e8822bac0357fdfe4289d2,,,,,,,
25,dry-run,nicme_grid7_a0p2_l0p07_pmi20,pmi20_nicme_alpha_lambda_grid7_seed42,pmi20_nicme_alpha_lambda_grid7_lr5e5_seed42,lr5e5,5e-05,5e-05,0.2,0.07,planned,b08bfdfb6008e1ae,/mnt/storage/github/NICME/results/pmi20_nicme_alpha_lambda_grid7_lr5e5_seed42_20260506/seeds/seed_42/dry-run/configs/0025_b08bfdfb6008e1ae.json,,checkpoints/pmi20_alpha_lambda_grid7_dry-run_a0p2_l0p07_lr5e5_s42,argmax,,,,,,,,,,,,,,,,,af92dbd367c299056f5f41dab4f3b4330a6171b856e8822bac0357fdfe4289d2,,,,,,,
26,dry-run,nicme_grid7_a0p2_l0p1_pmi20,pmi20_nicme_alpha_lambda_grid7_seed42,pmi20_nicme_alpha_lambda_grid7_lr5e5_seed42,lr5e5,5e-05,5e-05,0.2,0.1,planned,8b3f2eceddeaa5c3,/mnt/storage/github/NICME/results/pmi20_nicme_alpha_lambda_grid7_lr5e5_seed42_20260506/seeds/seed_42/dry-run/configs/0026_8b3f2eceddeaa5c3.json,,checkpoints/pmi20_alpha_lambda_grid7_dry-run_a0p2_l0p1_lr5e5_s42,argmax,,,,,,,,,,,,,,,,,af92dbd367c299056f5f41dab4f3b4330a6171b856e8822bac0357fdfe4289d2,,,,,,,
27,dry-run,nicme_grid7_a0p2_l0p2_pmi20,pmi20_nicme_alpha_lambda_grid7_seed42,pmi20_nicme_alpha_lambda_grid7_lr5e5_seed42,lr5e5,5e-05,5e-05,0.2,0.2,planned,1887578583f4a93c,/mnt/storage/github/NICME/results/pmi20_nicme_alpha_lambda_grid7_lr5e5_seed42_20260506/seeds/seed_42/dry-run/configs/0027_1887578583f4a93c.json,,checkpoints/pmi20_alpha_lambda_grid7_dry-run_a0p2_l0p2_lr5e5_s42,argmax,,,,,,,,,,,,,,,,,af92dbd367c299056f5f41dab4f3b4330a6171b856e8822bac0357fdfe4289d2,,,,,,,
28,dry-run,nicme_grid7_a0p2_l0p3_pmi20,pmi20_nicme_alpha_lambda_grid7_seed42,pmi20_nicme_alpha_lambda_grid7_lr5e5_seed42,lr5e5,5e-05,5e-05,0.2,0.3,planned,9850922b41e8ba78,/mnt/storage/github/NICME/results/pmi20_nicme_alpha_lambda_grid7_lr5e5_seed42_20260506/seeds/seed_42/dry-run/configs/0028_9850922b41e8ba78.json,,checkpoints/pmi20_alpha_lambda_grid7_dry-run_a0p2_l0p3_lr5e5_s42,argmax,,,,,,,,,,,,,,,,,af92dbd367c299056f5f41dab4f3b4330a6171b856e8822bac0357fdfe4289d2,,,,,,,
29,dry-run,nicme_grid7_a0p3_l0_pmi20,pmi20_nicme_alpha_lambda_grid7_seed42,pmi20_nicme_alpha_lambda_grid7_lr5e5_seed42,lr5e5,5e-05,5e-05,0.3,0.0,planned,7fe716126e277f2a,/mnt/storage/github/NICME/results/pmi20_nicme_alpha_lambda_grid7_lr5e5_seed42_20260506/seeds/seed_42/dry-run/configs/0029_7fe716126e277f2a.json,,checkpoints/pmi20_alpha_lambda_grid7_dry-run_a0p3_l0_lr5e5_s42,argmax,,,,,,,,,,,,,,,,,af92dbd367c299056f5f41dab4f3b4330a6171b856e8822bac0357fdfe4289d2,,,,,,,
30,dry-run,nicme_grid7_a0p3_l0p02_pmi20,pmi20_nicme_alpha_lambda_grid7_seed42,pmi20_nicme_alpha_lambda_grid7_lr5e5_seed42,lr5e5,5e-05,5e-05,0.3,0.02,planned,ae50b8fbf7bba453,/mnt/storage/github/NICME/results/pmi20_nicme_alpha_lambda_grid7_lr5e5_seed42_20260506/seeds/seed_42/dry-run/configs/0030_ae50b8fbf7bba453.json,,checkpoints/pmi20_alpha_lambda_grid7_dry-run_a0p3_l0p02_lr5e5_s42,argmax,,,,,,,,,,,,,,,,,af92dbd367c299056f5f41dab4f3b4330a6171b856e8822bac0357fdfe4289d2,,,,,,,
31,dry-run,nicme_grid7_a0p3_l0p05_pmi20,pmi20_nicme_alpha_lambda_grid7_seed42,pmi20_nicme_alpha_lambda_grid7_lr5e5_seed42,lr5e5,5e-05,5e-05,0.3,0.05,planned,feb7857c0460189d,/mnt/storage/github/NICME/results/pmi20_nicme_alpha_lambda_grid7_lr5e5_seed42_20260506/seeds/seed_42/dry-run/configs/0031_feb7857c0460189d.json,,checkpoints/pmi20_alpha_lambda_grid7_dry-run_a0p3_l0p05_lr5e5_s42,argmax,,,,,,,,,,,,,,,,,af92dbd367c299056f5f41dab4f3b4330a6171b856e8822bac0357fdfe4289d2,,,,,,,
32,dry-run,nicme_grid7_a0p3_l0p07_pmi20,pmi20_nicme_alpha_lambda_grid7_seed42,pmi20_nicme_alpha_lambda_grid7_lr5e5_seed42,lr5e5,5e-05,5e-05,0.3,0.07,planned,84267eb2e3fa428b,/mnt/storage/github/NICME/results/pmi20_nicme_alpha_lambda_grid7_lr5e5_seed42_20260506/seeds/seed_42/dry-run/configs/0032_84267eb2e3fa428b.json,,checkpoints/pmi20_alpha_lambda_grid7_dry-run_a0p3_l0p07_lr5e5_s42,argmax,,,,,,,,,,,,,,,,,af92dbd367c299056f5f41dab4f3b4330a6171b856e8822bac0357fdfe4289d2,,,,,,,
33,dry-run,nicme_grid7_a0p3_l0p1_pmi20,pmi20_nicme_alpha_lambda_grid7_seed42,pmi20_nicme_alpha_lambda_grid7_lr5e5_seed42,lr5e5,5e-05,5e-05,0.3,0.1,planned,053edecce1462af0,/mnt/storage/github/NICME/results/pmi20_nicme_alpha_lambda_grid7_lr5e5_seed42_20260506/seeds/seed_42/dry-run/configs/0033_053edecce1462af0.json,,checkpoints/pmi20_alpha_lambda_grid7_dry-run_a0p3_l0p1_lr5e5_s42,argmax,,,,,,,,,,,,,,,,,af92dbd367c299056f5f41dab4f3b4330a6171b856e8822bac0357fdfe4289d2,,,,,,,
34,dry-run,nicme_grid7_a0p3_l0p2_pmi20,pmi20_nicme_alpha_lambda_grid7_seed42,pmi20_nicme_alpha_lambda_grid7_lr5e5_seed42,lr5e5,5e-05,5e-05,0.3,0.2,planned,ed35167223bc6ec4,/mnt/storage/github/NICME/results/pmi20_nicme_alpha_lambda_grid7_lr5e5_seed42_20260506/seeds/seed_42/dry-run/configs/0034_ed35167223bc6ec4.json,,checkpoints/pmi20_alpha_lambda_grid7_dry-run_a0p3_l0p2_lr5e5_s42,argmax,,,,,,,,,,,,,,,,,af92dbd367c299056f5f41dab4f3b4330a6171b856e8822bac0357fdfe4289d2,,,,,,,
35,dry-run,nicme_grid7_a0p3_l0p3_pmi20,pmi20_nicme_alpha_lambda_grid7_seed42,pmi20_nicme_alpha_lambda_grid7_lr5e5_seed42,lr5e5,5e-05,5e-05,0.3,0.3,planned,f03ddcba6c6d7a7a,/mnt/storage/github/NICME/results/pmi20_nicme_alpha_lambda_grid7_lr5e5_seed42_20260506/seeds/seed_42/dry-run/configs/0035_f03ddcba6c6d7a7a.json,,checkpoints/pmi20_alpha_lambda_grid7_dry-run_a0p3_l0p3_lr5e5_s42,argmax,,,,,,,,,,,,,,,,,af92dbd367c299056f5f41dab4f3b4330a6171b856e8822bac0357fdfe4289d2,,,,,,,
36,dry-run,nicme_grid7_a0p5_l0_pmi20,pmi20_nicme_alpha_lambda_grid7_seed42,pmi20_nicme_alpha_lambda_grid7_lr5e5_seed42,lr5e5,5e-05,5e-05,0.5,0.0,planned,fe43b02640fc8cfe,/mnt/storage/github/NICME/results/pmi20_nicme_alpha_lambda_grid7_lr5e5_seed42_20260506/seeds/seed_42/dry-run/configs/0036_fe43b02640fc8cfe.json,,checkpoints/pmi20_alpha_lambda_grid7_dry-run_a0p5_l0_lr5e5_s42,argmax,,,,,,,,,,,,,,,,,af92dbd367c299056f5f41dab4f3b4330a6171b856e8822bac0357fdfe4289d2,,,,,,,
37,dry-run,nicme_grid7_a0p5_l0p02_pmi20,pmi20_nicme_alpha_lambda_grid7_seed42,pmi20_nicme_alpha_lambda_grid7_lr5e5_seed42,lr5e5,5e-05,5e-05,0.5,0.02,planned,ced761147e1179cf,/mnt/storage/github/NICME/results/pmi20_nicme_alpha_lambda_grid7_lr5e5_seed42_20260506/seeds/seed_42/dry-run/configs/0037_ced761147e1179cf.json,,checkpoints/pmi20_alpha_lambda_grid7_dry-run_a0p5_l0p02_lr5e5_s42,argmax,,,,,,,,,,,,,,,,,af92dbd367c299056f5f41dab4f3b4330a6171b856e8822bac0357fdfe4289d2,,,,,,,
38,dry-run,nicme_grid7_a0p5_l0p05_pmi20,pmi20_nicme_alpha_lambda_grid7_seed42,pmi20_nicme_alpha_lambda_grid7_lr5e5_seed42,lr5e5,5e-05,5e-05,0.5,0.05,planned,a05cd9584f1e647c,/mnt/storage/github/NICME/results/pmi20_nicme_alpha_lambda_grid7_lr5e5_seed42_20260506/seeds/seed_42/dry-run/configs/0038_a05cd9584f1e647c.json,,checkpoints/pmi20_alpha_lambda_grid7_dry-run_a0p5_l0p05_lr5e5_s42,argmax,,,,,,,,,,,,,,,,,af92dbd367c299056f5f41dab4f3b4330a6171b856e8822bac0357fdfe4289d2,,,,,,,
39,dry-run,nicme_grid7_a0p5_l0p07_pmi20,pmi20_nicme_alpha_lambda_grid7_seed42,pmi20_nicme_alpha_lambda_grid7_lr5e5_seed42,lr5e5,5e-05,5e-05,0.5,0.07,planned,8ecc9a031a350b8d,/mnt/storage/github/NICME/results/pmi20_nicme_alpha_lambda_grid7_lr5e5_seed42_20260506/seeds/seed_42/dry-run/configs/0039_8ecc9a031a350b8d.json,,checkpoints/pmi20_alpha_lambda_grid7_dry-run_a0p5_l0p07_lr5e5_s42,argmax,,,,,,,,,,,,,,,,,af92dbd367c299056f5f41dab4f3b4330a6171b856e8822bac0357fdfe4289d2,,,,,,,
40,dry-run,nicme_grid7_a0p5_l0p1_pmi20,pmi20_nicme_alpha_lambda_grid7_seed42,pmi20_nicme_alpha_lambda_grid7_lr5e5_seed42,lr5e5,5e-05,5e-05,0.5,0.1,planned,822745438db604b2,/mnt/storage/github/NICME/results/pmi20_nicme_alpha_lambda_grid7_lr5e5_seed42_20260506/seeds/seed_42/dry-run/configs/0040_822745438db604b2.json,,checkpoints/pmi20_alpha_lambda_grid7_dry-run_a0p5_l0p1_lr5e5_s42,argmax,,,,,,,,,,,,,,,,,af92dbd367c299056f5f41dab4f3b4330a6171b856e8822bac0357fdfe4289d2,,,,,,,
41,dry-run,nicme_grid7_a0p5_l0p2_pmi20,pmi20_nicme_alpha_lambda_grid7_seed42,pmi20_nicme_alpha_lambda_grid7_lr5e5_seed42,lr5e5,5e-05,5e-05,0.5,0.2,planned,01c065cb771669cf,/mnt/storage/github/NICME/results/pmi20_nicme_alpha_lambda_grid7_lr5e5_seed42_20260506/seeds/seed_42/dry-run/configs/0041_01c065cb771669cf.json,,checkpoints/pmi20_alpha_lambda_grid7_dry-run_a0p5_l0p2_lr5e5_s42,argmax,,,,,,,,,,,,,,,,,af92dbd367c299056f5f41dab4f3b4330a6171b856e8822bac0357fdfe4289d2,,,,,,,
42,dry-run,nicme_grid7_a0p5_l0p3_pmi20,pmi20_nicme_alpha_lambda_grid7_seed42,pmi20_nicme_alpha_lambda_grid7_lr5e5_seed42,lr5e5,5e-05,5e-05,0.5,0.3,planned,b24d0b3a03995e51,/mnt/storage/github/NICME/results/pmi20_nicme_alpha_lambda_grid7_lr5e5_seed42_20260506/seeds/seed_42/dry-run/configs/0042_b24d0b3a03995e51.json,,checkpoints/pmi20_alpha_lambda_grid7_dry-run_a0p5_l0p3_lr5e5_s42,argmax,,,,,,,,,,,,,,,,,af92dbd367c299056f5f41dab4f3b4330a6171b856e8822bac0357fdfe4289d2,,,,,,,
43,dry-run,nicme_grid7_a0p7_l0_pmi20,pmi20_nicme_alpha_lambda_grid7_seed42,pmi20_nicme_alpha_lambda_grid7_lr5e5_seed42,lr5e5,5e-05,5e-05,0.7,0.0,planned,ab0580b1bf8476fb,/mnt/storage/github/NICME/results/pmi20_nicme_alpha_lambda_grid7_lr5e5_seed42_20260506/seeds/seed_42/dry-run/configs/0043_ab0580b1bf8476fb.json,,checkpoints/pmi20_alpha_lambda_grid7_dry-run_a0p7_l0_lr5e5_s42,argmax,,,,,,,,,,,,,,,,,af92dbd367c299056f5f41dab4f3b4330a6171b856e8822bac0357fdfe4289d2,,,,,,,
44,dry-run,nicme_grid7_a0p7_l0p02_pmi20,pmi20_nicme_alpha_lambda_grid7_seed42,pmi20_nicme_alpha_lambda_grid7_lr5e5_seed42,lr5e5,5e-05,5e-05,0.7,0.02,planned,6d660fd85e972ffb,/mnt/storage/github/NICME/results/pmi20_nicme_alpha_lambda_grid7_lr5e5_seed42_20260506/seeds/seed_42/dry-run/configs/0044_6d660fd85e972ffb.json,,checkpoints/pmi20_alpha_lambda_grid7_dry-run_a0p7_l0p02_lr5e5_s42,argmax,,,,,,,,,,,,,,,,,af92dbd367c299056f5f41dab4f3b4330a6171b856e8822bac0357fdfe4289d2,,,,,,,
45,dry-run,nicme_grid7_a0p7_l0p05_pmi20,pmi20_nicme_alpha_lambda_grid7_seed42,pmi20_nicme_alpha_lambda_grid7_lr5e5_seed42,lr5e5,5e-05,5e-05,0.7,0.05,planned,2e370ab314ddad38,/mnt/storage/github/NICME/results/pmi20_nicme_alpha_lambda_grid7_lr5e5_seed42_20260506/seeds/seed_42/dry-run/configs/0045_2e370ab314ddad38.json,,checkpoints/pmi20_alpha_lambda_grid7_dry-run_a0p7_l0p05_lr5e5_s42,argmax,,,,,,,,,,,,,,,,,af92dbd367c299056f5f41dab4f3b4330a6171b856e8822bac0357fdfe4289d2,,,,,,,
46,dry-run,nicme_grid7_a0p7_l0p07_pmi20,pmi20_nicme_alpha_lambda_grid7_seed42,pmi20_nicme_alpha_lambda_grid7_lr5e5_seed42,lr5e5,5e-05,5e-05,0.7,0.07,planned,b831981a613655f0,/mnt/storage/github/NICME/results/pmi20_nicme_alpha_lambda_grid7_lr5e5_seed42_20260506/seeds/seed_42/dry-run/configs/0046_b831981a613655f0.json,,checkpoints/pmi20_alpha_lambda_grid7_dry-run_a0p7_l0p07_lr5e5_s42,argmax,,,,,,,,,,,,,,,,,af92dbd367c299056f5f41dab4f3b4330a6171b856e8822bac0357fdfe4289d2,,,,,,,
47,dry-run,nicme_grid7_a0p7_l0p1_pmi20,pmi20_nicme_alpha_lambda_grid7_seed42,pmi20_nicme_alpha_lambda_grid7_lr5e5_seed42,lr5e5,5e-05,5e-05,0.7,0.1,planned,c2036539ba1c1aa6,/mnt/storage/github/NICME/results/pmi20_nicme_alpha_lambda_grid7_lr5e5_seed42_20260506/seeds/seed_42/dry-run/configs/0047_c2036539ba1c1aa6.json,,checkpoints/pmi20_alpha_lambda_grid7_dry-run_a0p7_l0p1_lr5e5_s42,argmax,,,,,,,,,,,,,,,,,af92dbd367c299056f5f41dab4f3b4330a6171b856e8822bac0357fdfe4289d2,,,,,,,
48,dry-run,nicme_grid7_a0p7_l0p2_pmi20,pmi20_nicme_alpha_lambda_grid7_seed42,pmi20_nicme_alpha_lambda_grid7_lr5e5_seed42,lr5e5,5e-05,5e-05,0.7,0.2,planned,32bbceacf7228b18,/mnt/storage/github/NICME/results/pmi20_nicme_alpha_lambda_grid7_lr5e5_seed42_20260506/seeds/seed_42/dry-run/configs/0048_32bbceacf7228b18.json,,checkpoints/pmi20_alpha_lambda_grid7_dry-run_a0p7_l0p2_lr5e5_s42,argmax,,,,,,,,,,,,,,,,,af92dbd367c299056f5f41dab4f3b4330a6171b856e8822bac0357fdfe4289d2,,,,,,,
49,dry-run,nicme_grid7_a0p7_l0p3_pmi20,pmi20_nicme_alpha_lambda_grid7_seed42,pmi20_nicme_alpha_lambda_grid7_lr5e5_seed42,lr5e5,5e-05,5e-05,0.7,0.3,planned,1015854422c4287e,/mnt/storage/github/NICME/results/pmi20_nicme_alpha_lambda_grid7_lr5e5_seed42_20260506/seeds/seed_42/dry-run/configs/0049_1015854422c4287e.json,,checkpoints/pmi20_alpha_lambda_grid7_dry-run_a0p7_l0p3_lr5e5_s42,argmax,,,,,,,,,,,,,,,,,af92dbd367c299056f5f41dab4f3b4330a6171b856e8822bac0357fdfe4289d2,,,,,,,
