metrics_file,run_dir,dataset,model,method,seed,mode,target_class,target_recall_floor,accuracy_floor,selection_accuracy_metric,cost_ratio,cost_matrix,test_class_prevalence,selection_score,normalized_atc,atc,crr,target_recall,target_fnr,target_precision,target_fpr,accuracy,balanced_accuracy,macro_f1,auroc,auprc,nll,brier,ece,temperature,threshold,calibration_selection_score,calibration_target_recall,calibration_accuracy,calibration_normalized_atc,confusion_matrix,selected_accuracy,recall_floor_met,accuracy_floor_met,all_floors_met
results/convnext_test/stop4a_backbone_ablation_spider_balanced_convnext_ce_calibrated_cost_min_seed42_04-28_21-46/metrics_20260428_214647_ce_calibrated_cost_min.json,results/convnext_test/stop4a_backbone_ablation_spider_balanced_convnext_ce_calibrated_cost_min_seed42_04-28_21-46,spider_balanced,convnext,ce_calibrated_cost_min,42,argmax,black_widow,0.95,0.8,accuracy,,"[[0.0,10.0],[1.0,0.0]]","{""0"":0.5,""1"":0.5}",0.023666666666666666,0.023666666666666666,0.23666666666666666,,0.9666666666666667,0.03333333333333333,0.8734939759036144,0.14,0.9133333333333333,0.9133333333333333,0.9130861116063469,0.9772444444444444,0.9798838740002869,0.24854946355679006,0.13983577755940851,0.05019873003164925,,,,,,,"[[145,5],[21,129]]",0.9133333333333333,True,True,True
results/convnext_test/stop4a_backbone_ablation_spider_balanced_convnext_ce_calibrated_cost_min_seed42_04-28_21-46/metrics_20260428_214647_ce_calibrated_cost_min.json,results/convnext_test/stop4a_backbone_ablation_spider_balanced_convnext_ce_calibrated_cost_min_seed42_04-28_21-46,spider_balanced,convnext,ce_calibrated_cost_min,42,calibrated_cost_min,black_widow,0.95,0.8,accuracy,,"[[0.0,10.0],[1.0,0.0]]","{""0"":0.5,""1"":0.5}",0.01633333333333333,0.01633333333333333,0.16333333333333333,,1.0,0.0,0.7537688442211056,0.32666666666666666,0.8366666666666667,0.8366666666666667,0.8321898651811094,0.9772444444444444,0.9798838740002869,0.2315599859132816,0.13554521460232807,0.039806410348710054,1.25,,,,,,"[[150,0],[49,101]]",0.8366666666666667,True,True,True
results/convnext_test/stop4a_backbone_ablation_spider_balanced_convnext_ce_calibrated_cost_min_seed42_04-28_21-46/metrics_20260428_214647_ce_calibrated_cost_min.json,results/convnext_test/stop4a_backbone_ablation_spider_balanced_convnext_ce_calibrated_cost_min_seed42_04-28_21-46,spider_balanced,convnext,ce_calibrated_cost_min,42,calibrated_threshold,black_widow,0.95,0.8,accuracy,,"[[0.0,10.0],[1.0,0.0]]","{""0"":0.5,""1"":0.5}",0.016666666666666666,0.016666666666666666,0.16666666666666666,,1.0,0.0,0.75,0.3333333333333333,0.8333333333333334,0.8333333333333333,0.8285714285714285,0.9772444444444444,0.9798838740002869,0.2315599859132816,0.13554521460232807,0.039806410348710054,1.25,0.07908126605902449,0.018666666666666668,0.9933333333333333,0.8433333333333334,0.018666666666666668,"[[150,0],[50,100]]",0.8333333333333334,True,True,True
results/convnext_test/stop4a_backbone_ablation_spider_balanced_convnext_nicme_logit_adjustment_seed42_04-28_21-48/metrics_20260428_214812_nicme_logit_adjustment.json,results/convnext_test/stop4a_backbone_ablation_spider_balanced_convnext_nicme_logit_adjustment_seed42_04-28_21-48,spider_balanced,convnext,nicme_logit_adjustment,42,argmax,black_widow,0.95,0.8,accuracy,,"[[0.0,10.0],[1.0,0.0]]","{""0"":0.5,""1"":0.5}",0.022333333333333334,0.022333333333333334,0.22333333333333333,,0.9733333333333334,0.02666666666666667,0.8439306358381503,0.18,0.8966666666666666,0.8966666666666667,0.8960557052005678,0.9678666666666667,0.972798780489181,0.27839969628516753,0.1630999409411565,0.030782444477081325,,,,,,,"[[146,4],[27,123]]",0.8966666666666666,True,True,True
results/convnext_test/stop4a_backbone_ablation_spider_balanced_convnext_nicme_logit_adjustment_seed42_04-28_21-48/metrics_20260428_214812_nicme_logit_adjustment.json,results/convnext_test/stop4a_backbone_ablation_spider_balanced_convnext_nicme_logit_adjustment_seed42_04-28_21-48,spider_balanced,convnext,nicme_logit_adjustment,42,calibrated_cost_min,black_widow,0.95,0.8,accuracy,,"[[0.0,10.0],[1.0,0.0]]","{""0"":0.5,""1"":0.5}",0.024444444444444446,0.023333333333333334,0.23333333333333334,,1.0,0.0,0.6818181818181818,0.4666666666666667,0.7666666666666667,0.7666666666666666,0.7532314923619272,0.9678666666666667,0.972798780489181,0.2799623646462968,0.1621514416518517,0.035191353315991186,0.75,,,,,,"[[150,0],[70,80]]",0.7666666666666667,True,False,False
results/convnext_test/stop4a_backbone_ablation_spider_balanced_convnext_nicme_logit_adjustment_seed42_04-28_21-48/metrics_20260428_214812_nicme_logit_adjustment.json,results/convnext_test/stop4a_backbone_ablation_spider_balanced_convnext_nicme_logit_adjustment_seed42_04-28_21-48,spider_balanced,convnext,nicme_logit_adjustment,42,calibrated_threshold,black_widow,0.95,0.8,accuracy,,"[[0.0,10.0],[1.0,0.0]]","{""0"":0.5,""1"":0.5}",0.020344444444444446,0.020333333333333335,0.20333333333333334,,1.0,0.0,0.7109004739336493,0.4066666666666667,0.7966666666666666,0.7966666666666666,0.787897402612455,0.9678666666666667,0.972798780489181,0.2799623646462968,0.1621514416518517,0.035191353315991186,0.75,0.12097262991221032,0.02371111111111111,0.9933333333333333,0.7933333333333333,0.023666666666666666,"[[150,0],[61,89]]",0.7966666666666666,True,False,False
results/convnext_test/stop4a_backbone_ablation_spider_balanced_convnext_nicme_hybrid_seed42_04-28_21-49/metrics_20260428_214935_nicme_hybrid.json,results/convnext_test/stop4a_backbone_ablation_spider_balanced_convnext_nicme_hybrid_seed42_04-28_21-49,spider_balanced,convnext,nicme_hybrid,42,argmax,black_widow,0.95,0.8,accuracy,,"[[0.0,10.0],[1.0,0.0]]","{""0"":0.5,""1"":0.5}",0.020666666666666667,0.020666666666666667,0.20666666666666667,,0.9733333333333334,0.02666666666666667,0.8690476190476191,0.14666666666666667,0.9133333333333333,0.9133333333333333,0.9130202060752041,0.972,0.9763631902663907,0.29238768582826896,0.16471837066139908,0.10059503773848216,,,,,,,"[[146,4],[22,128]]",0.9133333333333333,True,True,True
results/convnext_test/stop4a_backbone_ablation_spider_balanced_convnext_nicme_hybrid_seed42_04-28_21-49/metrics_20260428_214935_nicme_hybrid.json,results/convnext_test/stop4a_backbone_ablation_spider_balanced_convnext_nicme_hybrid_seed42_04-28_21-49,spider_balanced,convnext,nicme_hybrid,42,calibrated_cost_min,black_widow,0.95,0.8,accuracy,,"[[0.0,10.0],[1.0,0.0]]","{""0"":0.5,""1"":0.5}",0.029600000000000008,0.026000000000000002,0.26,,1.0,0.0,0.6578947368421053,0.52,0.74,0.74,0.7211497211497212,0.972,0.9763631902663907,0.2482435727538052,0.14248369372187947,0.0445930588563456,0.55,,,,,,"[[150,0],[78,72]]",0.74,True,False,False
results/convnext_test/stop4a_backbone_ablation_spider_balanced_convnext_nicme_hybrid_seed42_04-28_21-49/metrics_20260428_214935_nicme_hybrid.json,results/convnext_test/stop4a_backbone_ablation_spider_balanced_convnext_nicme_hybrid_seed42_04-28_21-49,spider_balanced,convnext,nicme_hybrid,42,calibrated_threshold,black_widow,0.95,0.8,accuracy,,"[[0.0,10.0],[1.0,0.0]]","{""0"":0.5,""1"":0.5}",0.017333333333333333,0.017333333333333333,0.17333333333333334,,0.9933333333333333,0.006666666666666667,0.7801047120418848,0.28,0.8566666666666667,0.8566666666666667,0.853938563615983,0.972,0.9763631902663907,0.2482435727538052,0.14248369372187947,0.0445930588563456,0.55,0.28529634116297387,0.027000000000000003,0.9666666666666667,0.88,0.027000000000000003,"[[149,1],[42,108]]",0.8566666666666667,True,True,True
results/convnext_test/stop4a_backbone_ablation_spider_balanced_convnext_ce_calibrated_cost_min_seed43_04-28_21-51/metrics_20260428_215119_ce_calibrated_cost_min.json,results/convnext_test/stop4a_backbone_ablation_spider_balanced_convnext_ce_calibrated_cost_min_seed43_04-28_21-51,spider_balanced,convnext,ce_calibrated_cost_min,43,argmax,black_widow,0.95,0.8,accuracy,,"[[0.0,10.0],[1.0,0.0]]","{""0"":0.5,""1"":0.5}",0.024666666666666667,0.024666666666666667,0.24666666666666667,,0.9666666666666667,0.03333333333333333,0.8579881656804734,0.16,0.9033333333333333,0.9033333333333333,0.90294403105791,0.9712000000000001,0.9748635862052165,0.2755020335204498,0.1535803815419854,0.05054596622784926,,,,,,,"[[145,5],[24,126]]",0.9033333333333333,True,True,True
results/convnext_test/stop4a_backbone_ablation_spider_balanced_convnext_ce_calibrated_cost_min_seed43_04-28_21-51/metrics_20260428_215119_ce_calibrated_cost_min.json,results/convnext_test/stop4a_backbone_ablation_spider_balanced_convnext_ce_calibrated_cost_min_seed43_04-28_21-51,spider_balanced,convnext,ce_calibrated_cost_min,43,calibrated_cost_min,black_widow,0.95,0.8,accuracy,,"[[0.0,10.0],[1.0,0.0]]","{""0"":0.5,""1"":0.5}",0.02,0.02,0.2,,1.0,0.0,0.7142857142857143,0.4,0.8,0.8,0.7916666666666665,0.9712000000000001,0.9748635862052165,0.24928484378717902,0.14681201928651882,0.016534629391512377,1.4500000000000002,,,,,,"[[150,0],[60,90]]",0.8,True,True,True
results/convnext_test/stop4a_backbone_ablation_spider_balanced_convnext_ce_calibrated_cost_min_seed43_04-28_21-51/metrics_20260428_215119_ce_calibrated_cost_min.json,results/convnext_test/stop4a_backbone_ablation_spider_balanced_convnext_ce_calibrated_cost_min_seed43_04-28_21-51,spider_balanced,convnext,ce_calibrated_cost_min,43,calibrated_threshold,black_widow,0.95,0.8,accuracy,,"[[0.0,10.0],[1.0,0.0]]","{""0"":0.5,""1"":0.5}",0.020999999999999998,0.020999999999999998,0.21,,0.98,0.02,0.8166666666666667,0.22,0.88,0.88,0.8787878787878789,0.9712000000000001,0.9748635862052165,0.24928484378717902,0.14681201928651882,0.016534629391512377,1.4500000000000002,0.2606961141798285,0.021333333333333336,0.9733333333333334,0.9066666666666666,0.021333333333333336,"[[147,3],[33,117]]",0.88,True,True,True
results/convnext_test/stop4a_backbone_ablation_spider_balanced_convnext_nicme_logit_adjustment_seed43_04-28_21-52/metrics_20260428_215313_nicme_logit_adjustment.json,results/convnext_test/stop4a_backbone_ablation_spider_balanced_convnext_nicme_logit_adjustment_seed43_04-28_21-52,spider_balanced,convnext,nicme_logit_adjustment,43,argmax,black_widow,0.95,0.8,accuracy,,"[[0.0,10.0],[1.0,0.0]]","{""0"":0.5,""1"":0.5}",0.023666666666666666,0.023666666666666666,0.23666666666666666,,0.9666666666666667,0.03333333333333333,0.8734939759036144,0.14,0.9133333333333333,0.9133333333333333,0.9130861116063469,0.9714666666666666,0.9741893497431089,0.23516486300577555,0.1409819442530552,0.02723834474881488,,,,,,,"[[145,5],[21,129]]",0.9133333333333333,True,True,True
results/convnext_test/stop4a_backbone_ablation_spider_balanced_convnext_nicme_logit_adjustment_seed43_04-28_21-52/metrics_20260428_215313_nicme_logit_adjustment.json,results/convnext_test/stop4a_backbone_ablation_spider_balanced_convnext_nicme_logit_adjustment_seed43_04-28_21-52,spider_balanced,convnext,nicme_logit_adjustment,43,calibrated_cost_min,black_widow,0.95,0.8,accuracy,,"[[0.0,10.0],[1.0,0.0]]","{""0"":0.5,""1"":0.5}",0.021944444444444447,0.021666666666666667,0.21666666666666667,,1.0,0.0,0.6976744186046512,0.43333333333333335,0.7833333333333333,0.7833333333333333,0.7726610317691636,0.9714666666666666,0.9741893497431089,0.23464296146419164,0.14052206260916378,0.027570001783390887,1.05,,,,,,"[[150,0],[65,85]]",0.7833333333333333,True,False,False
results/convnext_test/stop4a_backbone_ablation_spider_balanced_convnext_nicme_logit_adjustment_seed43_04-28_21-52/metrics_20260428_215313_nicme_logit_adjustment.json,results/convnext_test/stop4a_backbone_ablation_spider_balanced_convnext_nicme_logit_adjustment_seed43_04-28_21-52,spider_balanced,convnext,nicme_logit_adjustment,43,calibrated_threshold,black_widow,0.95,0.8,accuracy,,"[[0.0,10.0],[1.0,0.0]]","{""0"":0.5,""1"":0.5}",0.018333333333333333,0.018333333333333333,0.18333333333333332,,0.9866666666666667,0.013333333333333334,0.8087431693989071,0.23333333333333334,0.8766666666666667,0.8766666666666667,0.8751560549313357,0.9714666666666666,0.9741893497431089,0.23464296146419164,0.14052206260916378,0.027570001783390887,1.05,0.19270683926588558,0.021666666666666667,0.98,0.8733333333333333,0.021666666666666667,"[[148,2],[35,115]]",0.8766666666666667,True,True,True
results/convnext_test/stop4a_backbone_ablation_spider_balanced_convnext_nicme_hybrid_seed43_04-28_21-54/metrics_20260428_215504_nicme_hybrid.json,results/convnext_test/stop4a_backbone_ablation_spider_balanced_convnext_nicme_hybrid_seed43_04-28_21-54,spider_balanced,convnext,nicme_hybrid,43,argmax,black_widow,0.95,0.8,accuracy,,"[[0.0,10.0],[1.0,0.0]]","{""0"":0.5,""1"":0.5}",0.03,0.03,0.3,,0.9533333333333334,0.04666666666666667,0.8773006134969326,0.13333333333333333,0.91,0.91,0.9098306820585322,0.9695555555555555,0.9739351878462207,0.24524374187825054,0.14320192034214058,0.04981977621714276,,,,,,,"[[143,7],[20,130]]",0.91,True,True,True
results/convnext_test/stop4a_backbone_ablation_spider_balanced_convnext_nicme_hybrid_seed43_04-28_21-54/metrics_20260428_215504_nicme_hybrid.json,results/convnext_test/stop4a_backbone_ablation_spider_balanced_convnext_nicme_hybrid_seed43_04-28_21-54,spider_balanced,convnext,nicme_hybrid,43,calibrated_cost_min,black_widow,0.95,0.8,accuracy,,"[[0.0,10.0],[1.0,0.0]]","{""0"":0.5,""1"":0.5}",0.02,0.02,0.2,,1.0,0.0,0.7142857142857143,0.4,0.8,0.8,0.7916666666666665,0.9695555555555555,0.9739351878462207,0.23921764944330165,0.14027050400718388,0.04294164566806573,0.7,,,,,,"[[150,0],[60,90]]",0.8,True,True,True
results/convnext_test/stop4a_backbone_ablation_spider_balanced_convnext_nicme_hybrid_seed43_04-28_21-54/metrics_20260428_215504_nicme_hybrid.json,results/convnext_test/stop4a_backbone_ablation_spider_balanced_convnext_nicme_hybrid_seed43_04-28_21-54,spider_balanced,convnext,nicme_hybrid,43,calibrated_threshold,black_widow,0.95,0.8,accuracy,,"[[0.0,10.0],[1.0,0.0]]","{""0"":0.5,""1"":0.5}",0.01633333333333333,0.01633333333333333,0.16333333333333333,,0.9866666666666667,0.013333333333333334,0.8361581920903954,0.19333333333333333,0.8966666666666666,0.8966666666666667,0.8958228316026481,0.9695555555555555,0.9739351878462207,0.23921764944330165,0.14027050400718388,0.04294164566806573,0.7,0.28595446811414904,0.021333333333333336,0.9733333333333334,0.9066666666666666,0.021333333333333336,"[[148,2],[29,121]]",0.8966666666666666,True,True,True
results/convnext_test/stop4a_backbone_ablation_spider_balanced_convnext_ce_calibrated_cost_min_seed44_04-28_21-56/metrics_20260428_215654_ce_calibrated_cost_min.json,results/convnext_test/stop4a_backbone_ablation_spider_balanced_convnext_ce_calibrated_cost_min_seed44_04-28_21-56,spider_balanced,convnext,ce_calibrated_cost_min,44,argmax,black_widow,0.95,0.8,accuracy,,"[[0.0,10.0],[1.0,0.0]]","{""0"":0.5,""1"":0.5}",0.02733333333333333,0.02733333333333333,0.2733333333333333,,0.9533333333333334,0.04666666666666667,0.9225806451612903,0.08,0.9366666666666666,0.9366666666666668,0.936649069185885,0.9812,0.9816269048534063,0.18515002750526796,0.10920360369827245,0.03186921020348871,,,,,,,"[[143,7],[12,138]]",0.9366666666666666,True,True,True
results/convnext_test/stop4a_backbone_ablation_spider_balanced_convnext_ce_calibrated_cost_min_seed44_04-28_21-56/metrics_20260428_215654_ce_calibrated_cost_min.json,results/convnext_test/stop4a_backbone_ablation_spider_balanced_convnext_ce_calibrated_cost_min_seed44_04-28_21-56,spider_balanced,convnext,ce_calibrated_cost_min,44,calibrated_cost_min,black_widow,0.95,0.8,accuracy,,"[[0.0,10.0],[1.0,0.0]]","{""0"":0.5,""1"":0.5}",0.019,0.019,0.19,,0.9866666666666667,0.013333333333333334,0.8,0.24666666666666667,0.87,0.87,0.8682061391157421,0.9812,0.9816269048534063,0.1823241686565585,0.1070222874414065,0.036780563474021616,1.25,,,,,,"[[148,2],[37,113]]",0.87,True,True,True
results/convnext_test/stop4a_backbone_ablation_spider_balanced_convnext_ce_calibrated_cost_min_seed44_04-28_21-56/metrics_20260428_215654_ce_calibrated_cost_min.json,results/convnext_test/stop4a_backbone_ablation_spider_balanced_convnext_ce_calibrated_cost_min_seed44_04-28_21-56,spider_balanced,convnext,ce_calibrated_cost_min,44,calibrated_threshold,black_widow,0.95,0.8,accuracy,,"[[0.0,10.0],[1.0,0.0]]","{""0"":0.5,""1"":0.5}",0.020333333333333335,0.020333333333333335,0.20333333333333334,,0.9866666666666667,0.013333333333333334,0.783068783068783,0.2733333333333333,0.8566666666666667,0.8566666666666667,0.8542026921642423,0.9812,0.9816269048534063,0.1823241686565585,0.1070222874414065,0.036780563474021616,1.25,0.07766874942321149,0.015,0.9933333333333333,0.88,0.015,"[[148,2],[41,109]]",0.8566666666666667,True,True,True
results/convnext_test/stop4a_backbone_ablation_spider_balanced_convnext_nicme_logit_adjustment_seed44_04-28_21-58/metrics_20260428_215840_nicme_logit_adjustment.json,results/convnext_test/stop4a_backbone_ablation_spider_balanced_convnext_nicme_logit_adjustment_seed44_04-28_21-58,spider_balanced,convnext,nicme_logit_adjustment,44,argmax,black_widow,0.95,0.8,accuracy,,"[[0.0,10.0],[1.0,0.0]]","{""0"":0.5,""1"":0.5}",0.03337777777777778,0.03333333333333333,0.3333333333333333,,0.9466666666666667,0.05333333333333334,0.8765432098765432,0.13333333333333333,0.9066666666666666,0.9066666666666667,0.906517094017094,0.9755555555555555,0.977436727011013,0.21465067377372266,0.12990056244108486,0.03608841419219967,,,,,,,"[[142,8],[20,130]]",0.9066666666666666,False,True,False
results/convnext_test/stop4a_backbone_ablation_spider_balanced_convnext_nicme_logit_adjustment_seed44_04-28_21-58/metrics_20260428_215840_nicme_logit_adjustment.json,results/convnext_test/stop4a_backbone_ablation_spider_balanced_convnext_nicme_logit_adjustment_seed44_04-28_21-58,spider_balanced,convnext,nicme_logit_adjustment,44,calibrated_cost_min,black_widow,0.95,0.8,accuracy,,"[[0.0,10.0],[1.0,0.0]]","{""0"":0.5,""1"":0.5}",0.019666666666666666,0.019666666666666666,0.19666666666666666,,0.9933333333333333,0.006666666666666667,0.7525252525252525,0.32666666666666666,0.8333333333333334,0.8333333333333333,0.8289545703338808,0.9755555555555555,0.977436727011013,0.21446952697133825,0.1301988741212323,0.03367192075249289,0.95,,,,,,"[[149,1],[49,101]]",0.8333333333333334,True,True,True
results/convnext_test/stop4a_backbone_ablation_spider_balanced_convnext_nicme_logit_adjustment_seed44_04-28_21-58/metrics_20260428_215840_nicme_logit_adjustment.json,results/convnext_test/stop4a_backbone_ablation_spider_balanced_convnext_nicme_logit_adjustment_seed44_04-28_21-58,spider_balanced,convnext,nicme_logit_adjustment,44,calibrated_threshold,black_widow,0.95,0.8,accuracy,,"[[0.0,10.0],[1.0,0.0]]","{""0"":0.5,""1"":0.5}",0.020666666666666667,0.020666666666666667,0.20666666666666667,,0.9933333333333333,0.006666666666666667,0.7412935323383084,0.3466666666666667,0.8233333333333334,0.8233333333333333,0.8180757216901795,0.9755555555555555,0.977436727011013,0.21446952697133825,0.1301988741212323,0.03367192075249289,0.95,0.08132314564764001,0.018333333333333333,1.0,0.8166666666666667,0.018333333333333333,"[[149,1],[52,98]]",0.8233333333333334,True,True,True
results/convnext_test/stop4a_backbone_ablation_spider_balanced_convnext_nicme_hybrid_seed44_04-28_22-00/metrics_20260428_220026_nicme_hybrid.json,results/convnext_test/stop4a_backbone_ablation_spider_balanced_convnext_nicme_hybrid_seed44_04-28_22-00,spider_balanced,convnext,nicme_hybrid,44,argmax,black_widow,0.95,0.8,accuracy,,"[[0.0,10.0],[1.0,0.0]]","{""0"":0.5,""1"":0.5}",0.027666666666666666,0.027666666666666666,0.27666666666666667,,0.96,0.04,0.8622754491017964,0.15333333333333332,0.9033333333333333,0.9033333333333333,0.9030219259622565,0.9721333333333333,0.9747778690996032,0.24380292191781336,0.1429759720681624,0.05852170209089916,,,,,,,"[[144,6],[23,127]]",0.9033333333333333,True,True,True
results/convnext_test/stop4a_backbone_ablation_spider_balanced_convnext_nicme_hybrid_seed44_04-28_22-00/metrics_20260428_220026_nicme_hybrid.json,results/convnext_test/stop4a_backbone_ablation_spider_balanced_convnext_nicme_hybrid_seed44_04-28_22-00,spider_balanced,convnext,nicme_hybrid,44,calibrated_cost_min,black_widow,0.95,0.8,accuracy,,"[[0.0,10.0],[1.0,0.0]]","{""0"":0.5,""1"":0.5}",0.0241,0.024,0.24,,0.9933333333333333,0.006666666666666667,0.7061611374407583,0.41333333333333333,0.79,0.79,0.7809432190915517,0.9721333333333333,0.9747778690996032,0.23592940955880928,0.14051014792958738,0.04564101723441704,0.75,,,,,,"[[149,1],[62,88]]",0.79,True,False,False
results/convnext_test/stop4a_backbone_ablation_spider_balanced_convnext_nicme_hybrid_seed44_04-28_22-00/metrics_20260428_220026_nicme_hybrid.json,results/convnext_test/stop4a_backbone_ablation_spider_balanced_convnext_nicme_hybrid_seed44_04-28_22-00,spider_balanced,convnext,nicme_hybrid,44,calibrated_threshold,black_widow,0.95,0.8,accuracy,,"[[0.0,10.0],[1.0,0.0]]","{""0"":0.5,""1"":0.5}",0.021333333333333336,0.021333333333333336,0.21333333333333335,,0.9933333333333333,0.006666666666666667,0.7339901477832512,0.36,0.8166666666666667,0.8166666666666667,0.8107602848917893,0.9721333333333333,0.9747778690996032,0.23592940955880928,0.14051014792958738,0.04564101723441704,0.75,0.14416047570411517,0.018,0.9933333333333333,0.85,0.018,"[[149,1],[54,96]]",0.8166666666666667,True,True,True
results/timm_dinov3_convnext_lora_test/stop4a_backbone_ablation_spider_balanced_timm_dinov3_convnext_lora_ce_calibrated_cost_min_seed42_04-28_22-02/metrics_20260428_220237_ce_calibrated_cost_min.json,results/timm_dinov3_convnext_lora_test/stop4a_backbone_ablation_spider_balanced_timm_dinov3_convnext_lora_ce_calibrated_cost_min_seed42_04-28_22-02,spider_balanced,timm_dinov3_convnext_lora,ce_calibrated_cost_min,42,argmax,black_widow,0.95,0.8,accuracy,,"[[0.0,10.0],[1.0,0.0]]","{""0"":0.5,""1"":0.5}",0.029666666666666668,0.029666666666666668,0.2966666666666667,,0.9533333333333334,0.04666666666666667,0.8827160493827161,0.12666666666666668,0.9133333333333333,0.9133333333333333,0.9131944444444444,0.974311111111111,0.9752971209710342,0.24390675312970406,0.1355400395658142,0.050854895909627315,,,,,,,"[[143,7],[19,131]]",0.9133333333333333,True,True,True
results/timm_dinov3_convnext_lora_test/stop4a_backbone_ablation_spider_balanced_timm_dinov3_convnext_lora_ce_calibrated_cost_min_seed42_04-28_22-02/metrics_20260428_220237_ce_calibrated_cost_min.json,results/timm_dinov3_convnext_lora_test/stop4a_backbone_ablation_spider_balanced_timm_dinov3_convnext_lora_ce_calibrated_cost_min_seed42_04-28_22-02,spider_balanced,timm_dinov3_convnext_lora,ce_calibrated_cost_min,42,calibrated_cost_min,black_widow,0.95,0.8,accuracy,,"[[0.0,10.0],[1.0,0.0]]","{""0"":0.5,""1"":0.5}",0.02371111111111111,0.023666666666666666,0.23666666666666666,,0.9933333333333333,0.006666666666666667,0.7095238095238096,0.4066666666666667,0.7933333333333333,0.7933333333333333,0.7847222222222222,0.974311111111111,0.9752971209710342,0.21867210601975307,0.13180871155967486,0.014202321358056871,1.6,,,,,,"[[149,1],[61,89]]",0.7933333333333333,True,False,False
results/timm_dinov3_convnext_lora_test/stop4a_backbone_ablation_spider_balanced_timm_dinov3_convnext_lora_ce_calibrated_cost_min_seed42_04-28_22-02/metrics_20260428_220237_ce_calibrated_cost_min.json,results/timm_dinov3_convnext_lora_test/stop4a_backbone_ablation_spider_balanced_timm_dinov3_convnext_lora_ce_calibrated_cost_min_seed42_04-28_22-02,spider_balanced,timm_dinov3_convnext_lora,ce_calibrated_cost_min,42,calibrated_threshold,black_widow,0.95,0.8,accuracy,,"[[0.0,10.0],[1.0,0.0]]","{""0"":0.5,""1"":0.5}",0.021333333333333336,0.021333333333333336,0.21333333333333335,,0.9866666666666667,0.013333333333333334,0.7708333333333334,0.29333333333333333,0.8466666666666667,0.8466666666666667,0.8436012511899904,0.974311111111111,0.9752971209710342,0.21867210601975307,0.13180871155967486,0.014202321358056871,1.6,0.17411925818326462,0.018333333333333333,0.9866666666666667,0.8766666666666667,0.018333333333333333,"[[148,2],[44,106]]",0.8466666666666667,True,True,True
results/timm_dinov3_convnext_lora_test/stop4a_backbone_ablation_spider_balanced_timm_dinov3_convnext_lora_nicme_logit_adjustment_seed42_04-28_22-04/metrics_20260428_220417_nicme_logit_adjustment.json,results/timm_dinov3_convnext_lora_test/stop4a_backbone_ablation_spider_balanced_timm_dinov3_convnext_lora_nicme_logit_adjustment_seed42_04-28_22-04,spider_balanced,timm_dinov3_convnext_lora,nicme_logit_adjustment,42,argmax,black_widow,0.95,0.8,accuracy,,"[[0.0,10.0],[1.0,0.0]]","{""0"":0.5,""1"":0.5}",0.027000000000000003,0.027000000000000003,0.27,,0.9733333333333334,0.02666666666666667,0.7807486631016043,0.2733333333333333,0.85,0.8500000000000001,0.8476830905665061,0.9615555555555556,0.9641329984885668,0.33070503320252126,0.2078745487843471,0.04510154525438942,,,,,,,"[[146,4],[41,109]]",0.85,True,True,True
results/timm_dinov3_convnext_lora_test/stop4a_backbone_ablation_spider_balanced_timm_dinov3_convnext_lora_nicme_logit_adjustment_seed42_04-28_22-04/metrics_20260428_220417_nicme_logit_adjustment.json,results/timm_dinov3_convnext_lora_test/stop4a_backbone_ablation_spider_balanced_timm_dinov3_convnext_lora_nicme_logit_adjustment_seed42_04-28_22-04,spider_balanced,timm_dinov3_convnext_lora,nicme_logit_adjustment,42,calibrated_cost_min,black_widow,0.95,0.8,accuracy,,"[[0.0,10.0],[1.0,0.0]]","{""0"":0.5,""1"":0.5}",0.0575,0.034999999999999996,0.35,,1.0,0.0,0.5882352941176471,0.7,0.65,0.65,0.6011396011396011,0.9615555555555556,0.9641329984885668,0.32697496737050796,0.20669026270981666,0.030308279165853852,1.15,,,,,,"[[150,0],[105,45]]",0.65,True,False,False
results/timm_dinov3_convnext_lora_test/stop4a_backbone_ablation_spider_balanced_timm_dinov3_convnext_lora_nicme_logit_adjustment_seed42_04-28_22-04/metrics_20260428_220417_nicme_logit_adjustment.json,results/timm_dinov3_convnext_lora_test/stop4a_backbone_ablation_spider_balanced_timm_dinov3_convnext_lora_nicme_logit_adjustment_seed42_04-28_22-04,spider_balanced,timm_dinov3_convnext_lora,nicme_logit_adjustment,42,calibrated_threshold,black_widow,0.95,0.8,accuracy,,"[[0.0,10.0],[1.0,0.0]]","{""0"":0.5,""1"":0.5}",0.026211111111111112,0.024333333333333335,0.24333333333333335,,1.0,0.0,0.672645739910314,0.4866666666666667,0.7566666666666667,0.7566666666666666,0.7413518205761123,0.9615555555555556,0.9641329984885668,0.32697496737050796,0.20669026270981666,0.030308279165853852,1.15,0.24912516551685554,0.023344444444444445,0.9933333333333333,0.7966666666666666,0.023333333333333334,"[[150,0],[73,77]]",0.7566666666666667,True,False,False
results/timm_dinov3_convnext_lora_test/stop4a_backbone_ablation_spider_balanced_timm_dinov3_convnext_lora_nicme_hybrid_seed42_04-28_22-05/metrics_20260428_220537_nicme_hybrid.json,results/timm_dinov3_convnext_lora_test/stop4a_backbone_ablation_spider_balanced_timm_dinov3_convnext_lora_nicme_hybrid_seed42_04-28_22-05,spider_balanced,timm_dinov3_convnext_lora,nicme_hybrid,42,argmax,black_widow,0.95,0.8,accuracy,,"[[0.0,10.0],[1.0,0.0]]","{""0"":0.5,""1"":0.5}",0.04437777777777778,0.043666666666666666,0.43666666666666665,,0.9533333333333334,0.04666666666666667,0.7009803921568627,0.4066666666666667,0.7733333333333333,0.7733333333333334,0.7657434201460659,0.9327111111111112,0.9345814155435235,0.4258857670022742,0.27946028497968656,0.05972853461901345,,,,,,,"[[143,7],[61,89]]",0.7733333333333333,True,False,False
results/timm_dinov3_convnext_lora_test/stop4a_backbone_ablation_spider_balanced_timm_dinov3_convnext_lora_nicme_hybrid_seed42_04-28_22-05/metrics_20260428_220537_nicme_hybrid.json,results/timm_dinov3_convnext_lora_test/stop4a_backbone_ablation_spider_balanced_timm_dinov3_convnext_lora_nicme_hybrid_seed42_04-28_22-05,spider_balanced,timm_dinov3_convnext_lora,nicme_hybrid,42,calibrated_cost_min,black_widow,0.95,0.8,accuracy,,"[[0.0,10.0],[1.0,0.0]]","{""0"":0.5,""1"":0.5}",0.09967777777777778,0.043666666666666666,0.43666666666666665,,1.0,0.0,0.5338078291814946,0.8733333333333333,0.5633333333333334,0.5633333333333334,0.4604538777303368,0.9327111111111112,0.9345814155435235,0.4289414484117096,0.28253385772676654,0.050921068257813146,0.8,,,,,,"[[150,0],[131,19]]",0.5633333333333334,True,False,False
results/timm_dinov3_convnext_lora_test/stop4a_backbone_ablation_spider_balanced_timm_dinov3_convnext_lora_nicme_hybrid_seed42_04-28_22-05/metrics_20260428_220537_nicme_hybrid.json,results/timm_dinov3_convnext_lora_test/stop4a_backbone_ablation_spider_balanced_timm_dinov3_convnext_lora_nicme_hybrid_seed42_04-28_22-05,spider_balanced,timm_dinov3_convnext_lora,nicme_hybrid,42,calibrated_threshold,black_widow,0.95,0.8,accuracy,,"[[0.0,10.0],[1.0,0.0]]","{""0"":0.5,""1"":0.5}",0.03790000000000001,0.033,0.33,,0.9866666666666667,0.013333333333333334,0.6519823788546255,0.5266666666666666,0.73,0.73,0.7109585945212975,0.9327111111111112,0.9345814155435235,0.4289414484117096,0.28253385772676654,0.050921068257813146,0.8,0.3778982434311374,0.030944444444444445,0.98,0.7833333333333333,0.030666666666666665,"[[148,2],[79,71]]",0.73,True,False,False
results/timm_dinov3_convnext_lora_test/stop4a_backbone_ablation_spider_balanced_timm_dinov3_convnext_lora_ce_calibrated_cost_min_seed43_04-28_22-07/metrics_20260428_220714_ce_calibrated_cost_min.json,results/timm_dinov3_convnext_lora_test/stop4a_backbone_ablation_spider_balanced_timm_dinov3_convnext_lora_ce_calibrated_cost_min_seed43_04-28_22-07,spider_balanced,timm_dinov3_convnext_lora,ce_calibrated_cost_min,43,argmax,black_widow,0.95,0.8,accuracy,,"[[0.0,10.0],[1.0,0.0]]","{""0"":0.5,""1"":0.5}",0.0394,0.039,0.39,,0.94,0.06,0.8392857142857143,0.18,0.88,0.8799999999999999,0.8795664391810518,0.9635555555555555,0.9592771834315962,0.2978957061914814,0.18358333079107642,0.05876647849877677,,,,,,,"[[141,9],[27,123]]",0.88,False,True,False
results/timm_dinov3_convnext_lora_test/stop4a_backbone_ablation_spider_balanced_timm_dinov3_convnext_lora_ce_calibrated_cost_min_seed43_04-28_22-07/metrics_20260428_220714_ce_calibrated_cost_min.json,results/timm_dinov3_convnext_lora_test/stop4a_backbone_ablation_spider_balanced_timm_dinov3_convnext_lora_ce_calibrated_cost_min_seed43_04-28_22-07,spider_balanced,timm_dinov3_convnext_lora,ce_calibrated_cost_min,43,calibrated_cost_min,black_widow,0.95,0.8,accuracy,,"[[0.0,10.0],[1.0,0.0]]","{""0"":0.5,""1"":0.5}",0.04010000000000002,0.032,0.32,,0.9933333333333333,0.006666666666666667,0.6340425531914894,0.5733333333333334,0.71,0.71,0.6846874056176382,0.9635555555555555,0.9592771834315962,0.2775956662633918,0.17431629996505926,0.03679060452781165,1.6,,,,,,"[[149,1],[86,64]]",0.71,True,False,False
results/timm_dinov3_convnext_lora_test/stop4a_backbone_ablation_spider_balanced_timm_dinov3_convnext_lora_ce_calibrated_cost_min_seed43_04-28_22-07/metrics_20260428_220714_ce_calibrated_cost_min.json,results/timm_dinov3_convnext_lora_test/stop4a_backbone_ablation_spider_balanced_timm_dinov3_convnext_lora_ce_calibrated_cost_min_seed43_04-28_22-07,spider_balanced,timm_dinov3_convnext_lora,ce_calibrated_cost_min,43,calibrated_threshold,black_widow,0.95,0.8,accuracy,,"[[0.0,10.0],[1.0,0.0]]","{""0"":0.5,""1"":0.5}",0.028000000000000004,0.028000000000000004,0.28,,0.98,0.02,0.7313432835820896,0.36,0.81,0.81,0.8043455874781176,0.9635555555555555,0.9592771834315962,0.2775956662633918,0.17431629996505926,0.03679060452781165,1.6,0.2648255144726275,0.025,0.9733333333333334,0.87,0.025,"[[147,3],[54,96]]",0.81,True,True,True
results/timm_dinov3_convnext_lora_test/stop4a_backbone_ablation_spider_balanced_timm_dinov3_convnext_lora_nicme_logit_adjustment_seed43_04-28_22-08/metrics_20260428_220852_nicme_logit_adjustment.json,results/timm_dinov3_convnext_lora_test/stop4a_backbone_ablation_spider_balanced_timm_dinov3_convnext_lora_nicme_logit_adjustment_seed43_04-28_22-08,spider_balanced,timm_dinov3_convnext_lora,nicme_logit_adjustment,43,argmax,black_widow,0.95,0.8,accuracy,,"[[0.0,10.0],[1.0,0.0]]","{""0"":0.5,""1"":0.5}",0.028000000000000004,0.028000000000000004,0.28,,0.9733333333333334,0.02666666666666667,0.7684210526315789,0.29333333333333333,0.84,0.8400000000000001,0.83710407239819,0.9542222222222221,0.9570008487324312,0.35136182870137267,0.22436682542514003,0.04900184452533721,,,,,,,"[[146,4],[44,106]]",0.84,True,True,True
results/timm_dinov3_convnext_lora_test/stop4a_backbone_ablation_spider_balanced_timm_dinov3_convnext_lora_nicme_logit_adjustment_seed43_04-28_22-08/metrics_20260428_220852_nicme_logit_adjustment.json,results/timm_dinov3_convnext_lora_test/stop4a_backbone_ablation_spider_balanced_timm_dinov3_convnext_lora_nicme_logit_adjustment_seed43_04-28_22-08,spider_balanced,timm_dinov3_convnext_lora,nicme_logit_adjustment,43,calibrated_cost_min,black_widow,0.95,0.8,accuracy,,"[[0.0,10.0],[1.0,0.0]]","{""0"":0.5,""1"":0.5}",0.05884444444444448,0.035333333333333335,0.35333333333333333,,1.0,0.0,0.5859375,0.7066666666666667,0.6466666666666666,0.6466666666666667,0.5962622517901579,0.9542222222222221,0.9570008487324312,0.3488601300035756,0.2227665418553974,0.05368561489139288,1.1,,,,,,"[[150,0],[106,44]]",0.6466666666666666,True,False,False
results/timm_dinov3_convnext_lora_test/stop4a_backbone_ablation_spider_balanced_timm_dinov3_convnext_lora_nicme_logit_adjustment_seed43_04-28_22-08/metrics_20260428_220852_nicme_logit_adjustment.json,results/timm_dinov3_convnext_lora_test/stop4a_backbone_ablation_spider_balanced_timm_dinov3_convnext_lora_nicme_logit_adjustment_seed43_04-28_22-08,spider_balanced,timm_dinov3_convnext_lora,nicme_logit_adjustment,43,calibrated_threshold,black_widow,0.95,0.8,accuracy,,"[[0.0,10.0],[1.0,0.0]]","{""0"":0.5,""1"":0.5}",0.031177777777777776,0.028333333333333332,0.2833333333333333,,0.9933333333333333,0.006666666666666667,0.6651785714285714,0.5,0.7466666666666667,0.7466666666666666,0.7302541290047797,0.9542222222222221,0.9570008487324312,0.3488601300035756,0.2227665418553974,0.05368561489139288,1.1,0.22414322073061138,0.025877777777777784,0.9933333333333333,0.7766666666666666,0.025333333333333336,"[[149,1],[75,75]]",0.7466666666666667,True,False,False
results/timm_dinov3_convnext_lora_test/stop4a_backbone_ablation_spider_balanced_timm_dinov3_convnext_lora_nicme_hybrid_seed43_04-28_22-10/metrics_20260428_221031_nicme_hybrid.json,results/timm_dinov3_convnext_lora_test/stop4a_backbone_ablation_spider_balanced_timm_dinov3_convnext_lora_nicme_hybrid_seed43_04-28_22-10,spider_balanced,timm_dinov3_convnext_lora,nicme_hybrid,43,argmax,black_widow,0.95,0.8,accuracy,,"[[0.0,10.0],[1.0,0.0]]","{""0"":0.5,""1"":0.5}",0.024333333333333335,0.024333333333333335,0.24333333333333335,,0.9866666666666667,0.013333333333333334,0.736318407960199,0.35333333333333333,0.8166666666666667,0.8166666666666667,0.8112106545841485,0.9485333333333333,0.952857831882904,0.37957878236613696,0.2449075656223384,0.06657957832018536,,,,,,,"[[148,2],[53,97]]",0.8166666666666667,True,True,True
results/timm_dinov3_convnext_lora_test/stop4a_backbone_ablation_spider_balanced_timm_dinov3_convnext_lora_nicme_hybrid_seed43_04-28_22-10/metrics_20260428_221031_nicme_hybrid.json,results/timm_dinov3_convnext_lora_test/stop4a_backbone_ablation_spider_balanced_timm_dinov3_convnext_lora_nicme_hybrid_seed43_04-28_22-10,spider_balanced,timm_dinov3_convnext_lora,nicme_hybrid,43,calibrated_cost_min,black_widow,0.95,0.8,accuracy,,"[[0.0,10.0],[1.0,0.0]]","{""0"":0.5,""1"":0.5}",0.07040000000000002,0.038,0.38,,1.0,0.0,0.5681818181818182,0.76,0.62,0.62,0.5558672276764843,0.9485333333333333,0.952857831882904,0.3795787847204216,0.24490756652133208,0.06657957865280284,1.0,,,,,,"[[150,0],[114,36]]",0.62,True,False,False
results/timm_dinov3_convnext_lora_test/stop4a_backbone_ablation_spider_balanced_timm_dinov3_convnext_lora_nicme_hybrid_seed43_04-28_22-10/metrics_20260428_221031_nicme_hybrid.json,results/timm_dinov3_convnext_lora_test/stop4a_backbone_ablation_spider_balanced_timm_dinov3_convnext_lora_nicme_hybrid_seed43_04-28_22-10,spider_balanced,timm_dinov3_convnext_lora,nicme_hybrid,43,calibrated_threshold,black_widow,0.95,0.8,accuracy,,"[[0.0,10.0],[1.0,0.0]]","{""0"":0.5,""1"":0.5}",0.03411111111111113,0.029666666666666668,0.2966666666666667,,0.9933333333333333,0.006666666666666667,0.6535087719298246,0.5266666666666666,0.7333333333333333,0.7333333333333333,0.713999713999714,0.9485333333333333,0.952857831882904,0.3795787847204216,0.24490756652133208,0.06657957865280284,1.0,0.2743556760633564,0.02287777777777778,1.0,0.7766666666666666,0.022333333333333334,"[[149,1],[79,71]]",0.7333333333333333,True,False,False
results/timm_dinov3_convnext_lora_test/stop4a_backbone_ablation_spider_balanced_timm_dinov3_convnext_lora_ce_calibrated_cost_min_seed44_04-28_22-11/metrics_20260428_221159_ce_calibrated_cost_min.json,results/timm_dinov3_convnext_lora_test/stop4a_backbone_ablation_spider_balanced_timm_dinov3_convnext_lora_ce_calibrated_cost_min_seed44_04-28_22-11,spider_balanced,timm_dinov3_convnext_lora,ce_calibrated_cost_min,44,argmax,black_widow,0.95,0.8,accuracy,,"[[0.0,10.0],[1.0,0.0]]","{""0"":0.5,""1"":0.5}",0.03166666666666666,0.03166666666666666,0.31666666666666665,,0.96,0.04,0.8044692737430168,0.23333333333333334,0.8633333333333333,0.8633333333333333,0.8620442131472987,0.9637777777777778,0.9663599206212398,0.3133256384870907,0.18961193652352445,0.053206118742624944,,,,,,,"[[144,6],[35,115]]",0.8633333333333333,True,True,True
results/timm_dinov3_convnext_lora_test/stop4a_backbone_ablation_spider_balanced_timm_dinov3_convnext_lora_ce_calibrated_cost_min_seed44_04-28_22-11/metrics_20260428_221159_ce_calibrated_cost_min.json,results/timm_dinov3_convnext_lora_test/stop4a_backbone_ablation_spider_balanced_timm_dinov3_convnext_lora_ce_calibrated_cost_min_seed44_04-28_22-11,spider_balanced,timm_dinov3_convnext_lora,ce_calibrated_cost_min,44,calibrated_cost_min,black_widow,0.95,0.8,accuracy,,"[[0.0,10.0],[1.0,0.0]]","{""0"":0.5,""1"":0.5}",0.0464,0.032,0.32,,1.0,0.0,0.6097560975609756,0.64,0.68,0.6799999999999999,0.6434937611408199,0.9637777777777778,0.9663599206212398,0.29829084090445995,0.1852476846169595,0.036494834103683434,1.4,,,,,,"[[150,0],[96,54]]",0.68,True,False,False
results/timm_dinov3_convnext_lora_test/stop4a_backbone_ablation_spider_balanced_timm_dinov3_convnext_lora_ce_calibrated_cost_min_seed44_04-28_22-11/metrics_20260428_221159_ce_calibrated_cost_min.json,results/timm_dinov3_convnext_lora_test/stop4a_backbone_ablation_spider_balanced_timm_dinov3_convnext_lora_ce_calibrated_cost_min_seed44_04-28_22-11,spider_balanced,timm_dinov3_convnext_lora,ce_calibrated_cost_min,44,calibrated_threshold,black_widow,0.95,0.8,accuracy,,"[[0.0,10.0],[1.0,0.0]]","{""0"":0.5,""1"":0.5}",0.025011111111111116,0.023666666666666666,0.23666666666666666,,1.0,0.0,0.6787330316742082,0.47333333333333333,0.7633333333333333,0.7633333333333333,0.7492908344024765,0.9637777777777778,0.9663599206212398,0.29829084090445995,0.1852476846169595,0.036494834103683434,1.4,0.20167418358008027,0.02634444444444444,0.9866666666666667,0.7966666666666666,0.02633333333333333,"[[150,0],[71,79]]",0.7633333333333333,True,False,False
results/timm_dinov3_convnext_lora_test/stop4a_backbone_ablation_spider_balanced_timm_dinov3_convnext_lora_nicme_logit_adjustment_seed44_04-28_22-13/metrics_20260428_221337_nicme_logit_adjustment.json,results/timm_dinov3_convnext_lora_test/stop4a_backbone_ablation_spider_balanced_timm_dinov3_convnext_lora_nicme_logit_adjustment_seed44_04-28_22-13,spider_balanced,timm_dinov3_convnext_lora,nicme_logit_adjustment,44,argmax,black_widow,0.95,0.8,accuracy,,"[[0.0,10.0],[1.0,0.0]]","{""0"":0.5,""1"":0.5}",0.022333333333333334,0.022333333333333334,0.22333333333333333,,0.9866666666666667,0.013333333333333334,0.7589743589743589,0.31333333333333335,0.8366666666666667,0.8366666666666667,0.8329070758738277,0.9563111111111111,0.9597624630688764,0.3819698988432342,0.24568388768966712,0.047125909725825,,,,,,,"[[148,2],[47,103]]",0.8366666666666667,True,True,True
results/timm_dinov3_convnext_lora_test/stop4a_backbone_ablation_spider_balanced_timm_dinov3_convnext_lora_nicme_logit_adjustment_seed44_04-28_22-13/metrics_20260428_221337_nicme_logit_adjustment.json,results/timm_dinov3_convnext_lora_test/stop4a_backbone_ablation_spider_balanced_timm_dinov3_convnext_lora_nicme_logit_adjustment_seed44_04-28_22-13,spider_balanced,timm_dinov3_convnext_lora,nicme_logit_adjustment,44,calibrated_cost_min,black_widow,0.95,0.8,accuracy,,"[[0.0,10.0],[1.0,0.0]]","{""0"":0.5,""1"":0.5}",0.0816777777777778,0.04033333333333333,0.4033333333333333,,1.0,0.0,0.5535055350553506,0.8066666666666666,0.5966666666666667,0.5966666666666667,0.5183057100014596,0.9563111111111111,0.9597624630688764,0.37761911524068137,0.2439069002371654,0.029180561803107328,1.1,,,,,,"[[150,0],[121,29]]",0.5966666666666667,True,False,False
results/timm_dinov3_convnext_lora_test/stop4a_backbone_ablation_spider_balanced_timm_dinov3_convnext_lora_nicme_logit_adjustment_seed44_04-28_22-13/metrics_20260428_221337_nicme_logit_adjustment.json,results/timm_dinov3_convnext_lora_test/stop4a_backbone_ablation_spider_balanced_timm_dinov3_convnext_lora_nicme_logit_adjustment_seed44_04-28_22-13,spider_balanced,timm_dinov3_convnext_lora,nicme_logit_adjustment,44,calibrated_threshold,black_widow,0.95,0.8,accuracy,,"[[0.0,10.0],[1.0,0.0]]","{""0"":0.5,""1"":0.5}",0.02751111111111111,0.02733333333333333,0.2733333333333333,,0.9866666666666667,0.013333333333333334,0.7047619047619048,0.41333333333333333,0.7866666666666666,0.7866666666666666,0.7777777777777778,0.9563111111111111,0.9597624630688764,0.37761911524068137,0.2439069002371654,0.029180561803107328,1.1,0.4083115366958142,0.024666666666666667,0.9866666666666667,0.8133333333333334,0.024666666666666667,"[[148,2],[62,88]]",0.7866666666666666,True,False,False
results/timm_dinov3_convnext_lora_test/stop4a_backbone_ablation_spider_balanced_timm_dinov3_convnext_lora_nicme_hybrid_seed44_04-28_22-15/metrics_20260428_221509_nicme_hybrid.json,results/timm_dinov3_convnext_lora_test/stop4a_backbone_ablation_spider_balanced_timm_dinov3_convnext_lora_nicme_hybrid_seed44_04-28_22-15,spider_balanced,timm_dinov3_convnext_lora,nicme_hybrid,44,argmax,black_widow,0.95,0.8,accuracy,,"[[0.0,10.0],[1.0,0.0]]","{""0"":0.5,""1"":0.5}",0.025400000000000002,0.025,0.25,,0.9933333333333333,0.006666666666666667,0.6962616822429907,0.43333333333333335,0.78,0.78,0.7695101508660831,0.9572,0.9617782872909614,0.42060194413432794,0.2782715372185166,0.06084463139375053,,,,,,,"[[149,1],[65,85]]",0.78,True,False,False
results/timm_dinov3_convnext_lora_test/stop4a_backbone_ablation_spider_balanced_timm_dinov3_convnext_lora_nicme_hybrid_seed44_04-28_22-15/metrics_20260428_221509_nicme_hybrid.json,results/timm_dinov3_convnext_lora_test/stop4a_backbone_ablation_spider_balanced_timm_dinov3_convnext_lora_nicme_hybrid_seed44_04-28_22-15,spider_balanced,timm_dinov3_convnext_lora,nicme_hybrid,44,calibrated_cost_min,black_widow,0.95,0.8,accuracy,,"[[0.0,10.0],[1.0,0.0]]","{""0"":0.5,""1"":0.5}",0.10951111111111114,0.04533333333333333,0.4533333333333333,,1.0,0.0,0.5244755244755245,0.9066666666666666,0.5466666666666666,0.5466666666666666,0.429402550906243,0.9572,0.9617782872909614,0.4206019444217628,0.27827153720256376,0.06084463320571955,1.0,,,,,,"[[150,0],[136,14]]",0.5466666666666666,True,False,False
results/timm_dinov3_convnext_lora_test/stop4a_backbone_ablation_spider_balanced_timm_dinov3_convnext_lora_nicme_hybrid_seed44_04-28_22-15/metrics_20260428_221509_nicme_hybrid.json,results/timm_dinov3_convnext_lora_test/stop4a_backbone_ablation_spider_balanced_timm_dinov3_convnext_lora_nicme_hybrid_seed44_04-28_22-15,spider_balanced,timm_dinov3_convnext_lora,nicme_hybrid,44,calibrated_threshold,black_widow,0.95,0.8,accuracy,,"[[0.0,10.0],[1.0,0.0]]","{""0"":0.5,""1"":0.5}",0.026844444444444452,0.024666666666666667,0.24666666666666667,,1.0,0.0,0.6696428571428571,0.49333333333333335,0.7533333333333333,0.7533333333333334,0.7373527045572854,0.9572,0.9617782872909614,0.4206019444217628,0.27827153720256376,0.06084463320571955,1.0,0.4206630115820297,0.025877777777777784,0.9933333333333333,0.7766666666666666,0.025333333333333336,"[[150,0],[74,76]]",0.7533333333333333,True,False,False
results/convnext_test/stop4a_backbone_ablation_breakhis_balanced_convnext_ce_calibrated_cost_min_seed42_04-28_22-18/metrics_20260428_221903_ce_calibrated_cost_min.json,results/convnext_test/stop4a_backbone_ablation_breakhis_balanced_convnext_ce_calibrated_cost_min_seed42_04-28_22-18,breakhis_balanced,convnext,ce_calibrated_cost_min,42,argmax,malignant,0.97,0.85,accuracy,,"[[0.0,1.0],[10.0,0.0]]","{""0"":0.5,""1"":0.5}",0.01223404255319149,0.01223404255319149,0.12234042553191489,,0.9858156028368794,0.014184397163120567,0.9055374592833876,0.10283687943262411,0.9414893617021277,0.9414893617021276,0.9413741727590866,0.995058095669232,0.9955481313045331,0.12996520169847595,0.07874882420348908,0.016706944146054784,,,,,,,"[[253,29],[4,278]]",0.9414893617021277,True,True,True
results/convnext_test/stop4a_backbone_ablation_breakhis_balanced_convnext_ce_calibrated_cost_min_seed42_04-28_22-18/metrics_20260428_221903_ce_calibrated_cost_min.json,results/convnext_test/stop4a_backbone_ablation_breakhis_balanced_convnext_ce_calibrated_cost_min_seed42_04-28_22-18,breakhis_balanced,convnext,ce_calibrated_cost_min,42,calibrated_cost_min,malignant,0.97,0.85,accuracy,,"[[0.0,1.0],[10.0,0.0]]","{""0"":0.5,""1"":0.5}",0.019326744127558974,0.018262411347517733,0.18262411347517732,,1.0,0.0,0.7324675324675325,0.36524822695035464,0.8173758865248227,0.8173758865248226,0.8110749397535506,0.995058095669232,0.9955481313045331,0.1386762198732058,0.07988585663480943,0.028232812198135344,1.3,,,,,,"[[179,103],[0,282]]",0.8173758865248227,True,False,False
results/convnext_test/stop4a_backbone_ablation_breakhis_balanced_convnext_ce_calibrated_cost_min_seed42_04-28_22-18/metrics_20260428_221903_ce_calibrated_cost_min.json,results/convnext_test/stop4a_backbone_ablation_breakhis_balanced_convnext_ce_calibrated_cost_min_seed42_04-28_22-18,breakhis_balanced,convnext,ce_calibrated_cost_min,42,calibrated_threshold,malignant,0.97,0.85,accuracy,,"[[0.0,1.0],[10.0,0.0]]","{""0"":0.5,""1"":0.5}",0.017183994768874805,0.016843971631205674,0.16843971631205673,,1.0,0.0,0.7480106100795756,0.33687943262411346,0.8315602836879432,0.8315602836879432,0.8266417748672636,0.995058095669232,0.9955481313045331,0.1386762198732058,0.07988585663480943,0.028232812198135344,1.3,0.11716911367453137,0.023232438744627628,0.9851301115241635,0.8364312267657993,0.023048327137546468,"[[187,95],[0,282]]",0.8315602836879432,True,False,False
results/convnext_test/stop4a_backbone_ablation_breakhis_balanced_convnext_nicme_logit_adjustment_seed42_04-28_22-24/metrics_20260428_222508_nicme_logit_adjustment.json,results/convnext_test/stop4a_backbone_ablation_breakhis_balanced_convnext_nicme_logit_adjustment_seed42_04-28_22-24,breakhis_balanced,convnext,nicme_logit_adjustment,42,argmax,malignant,0.97,0.85,accuracy,,"[[0.0,1.0],[10.0,0.0]]","{""0"":0.5,""1"":0.5}",0.023404255319148935,0.023404255319148935,0.23404255319148937,,0.9787234042553191,0.02127659574468085,0.7931034482758621,0.2553191489361702,0.8617021276595744,0.8617021276595744,0.8597819850831898,0.9743725164730144,0.9772892337709997,0.3522520263109923,0.21206093940491308,0.09468639700125298,,,,,,,"[[210,72],[6,276]]",0.8617021276595744,True,True,True
results/convnext_test/stop4a_backbone_ablation_breakhis_balanced_convnext_nicme_logit_adjustment_seed42_04-28_22-24/metrics_20260428_222508_nicme_logit_adjustment.json,results/convnext_test/stop4a_backbone_ablation_breakhis_balanced_convnext_nicme_logit_adjustment_seed42_04-28_22-24,breakhis_balanced,convnext,nicme_logit_adjustment,42,calibrated_cost_min,malignant,0.97,0.85,accuracy,,"[[0.0,1.0],[10.0,0.0]]","{""0"":0.5,""1"":0.5}",0.024712539610683565,0.023404255319148935,0.23404255319148937,,0.9893617021276596,0.010638297872340425,0.7322834645669292,0.3617021276595745,0.8138297872340425,0.8138297872340425,0.8079112538315575,0.9743725164730144,0.9772892337709997,0.27362577234897206,0.18212926835007343,0.07711267303299858,1.7000000000000002,,,,,,"[[180,102],[3,279]]",0.8138297872340425,True,False,False
results/convnext_test/stop4a_backbone_ablation_breakhis_balanced_convnext_nicme_logit_adjustment_seed42_04-28_22-24/metrics_20260428_222508_nicme_logit_adjustment.json,results/convnext_test/stop4a_backbone_ablation_breakhis_balanced_convnext_nicme_logit_adjustment_seed42_04-28_22-24,breakhis_balanced,convnext,nicme_logit_adjustment,42,calibrated_threshold,malignant,0.97,0.85,accuracy,,"[[0.0,1.0],[10.0,0.0]]","{""0"":0.5,""1"":0.5}",0.023425506765253255,0.02198581560283688,0.2198581560283688,,0.9929078014184397,0.0070921985815602835,0.7291666666666666,0.36879432624113473,0.8120567375886525,0.8120567375886525,0.8057018057018057,0.9743725164730144,0.9772892337709997,0.27362577234897206,0.18212926835007343,0.07711267303299858,1.7000000000000002,0.06366793719360359,0.023951057890300022,0.9962825278810409,0.8011152416356877,0.021561338289962824,"[[178,104],[2,280]]",0.8120567375886525,True,False,False
results/convnext_test/stop4a_backbone_ablation_breakhis_balanced_convnext_nicme_hybrid_seed42_04-28_22-27/metrics_20260428_222756_nicme_hybrid.json,results/convnext_test/stop4a_backbone_ablation_breakhis_balanced_convnext_nicme_hybrid_seed42_04-28_22-27,breakhis_balanced,convnext,nicme_hybrid,42,argmax,malignant,0.97,0.85,accuracy,,"[[0.0,1.0],[10.0,0.0]]","{""0"":0.5,""1"":0.5}",0.06299238468889895,0.0475177304964539,0.475177304964539,,0.9078014184397163,0.09219858156028368,0.9696969696969697,0.028368794326241134,0.9397163120567376,0.9397163120567376,0.9396548468713417,0.9853126100296765,0.9870520167784778,0.4844164717934125,0.29890474460022326,0.3140488797468497,,,,,,,"[[274,8],[26,256]]",0.9397163120567376,False,True,False
results/convnext_test/stop4a_backbone_ablation_breakhis_balanced_convnext_nicme_hybrid_seed42_04-28_22-27/metrics_20260428_222756_nicme_hybrid.json,results/convnext_test/stop4a_backbone_ablation_breakhis_balanced_convnext_nicme_hybrid_seed42_04-28_22-27,breakhis_balanced,convnext,nicme_hybrid,42,calibrated_cost_min,malignant,0.97,0.85,accuracy,,"[[0.0,1.0],[10.0,0.0]]","{""0"":0.5,""1"":0.5}",0.17108470398873296,0.049822695035460995,0.49822695035460995,,1.0,0.0,0.5008880994671403,0.9964539007092199,0.50177304964539,0.50177304964539,0.33726137955548124,0.9853126100296765,0.9870520167784778,0.3512535611350144,0.19170413926656343,0.21400470780443087,0.5,,,,,,"[[1,281],[0,282]]",0.50177304964539,True,False,False
results/convnext_test/stop4a_backbone_ablation_breakhis_balanced_convnext_nicme_hybrid_seed42_04-28_22-27/metrics_20260428_222756_nicme_hybrid.json,results/convnext_test/stop4a_backbone_ablation_breakhis_balanced_convnext_nicme_hybrid_seed42_04-28_22-27,breakhis_balanced,convnext,nicme_hybrid,42,calibrated_threshold,malignant,0.97,0.85,accuracy,,"[[0.0,1.0],[10.0,0.0]]","{""0"":0.5,""1"":0.5}",0.019326241134751773,0.019326241134751773,0.19326241134751773,,0.9787234042553191,0.02127659574468085,0.8492307692307692,0.17375886524822695,0.9024822695035462,0.9024822695035462,0.9019121130002815,0.9853126100296765,0.9870520167784778,0.3512535611350144,0.19170413926656343,0.21400470780443087,0.5,0.3547423788166847,0.018700301267257226,0.9962825278810409,0.8327137546468402,0.018401486988847585,"[[233,49],[6,276]]",0.9024822695035462,True,True,True
results/convnext_test/stop4a_backbone_ablation_breakhis_balanced_convnext_ce_calibrated_cost_min_seed43_04-28_22-30/metrics_20260428_223045_ce_calibrated_cost_min.json,results/convnext_test/stop4a_backbone_ablation_breakhis_balanced_convnext_ce_calibrated_cost_min_seed43_04-28_22-30,breakhis_balanced,convnext,ce_calibrated_cost_min,43,argmax,malignant,0.97,0.85,accuracy,,"[[0.0,1.0],[10.0,0.0]]","{""0"":0.5,""1"":0.5}",0.17025509783210094,0.0875886524822695,0.875886524822695,,0.8262411347517731,0.17375886524822695,0.9831223628691983,0.014184397163120567,0.9060283687943262,0.9060283687943262,0.9054263124424575,0.9696821085458478,0.9765676378011193,0.28524299708732465,0.1564576294860773,0.07981849667873794,,,,,,,"[[278,4],[49,233]]",0.9060283687943262,False,True,False
results/convnext_test/stop4a_backbone_ablation_breakhis_balanced_convnext_ce_calibrated_cost_min_seed43_04-28_22-30/metrics_20260428_223045_ce_calibrated_cost_min.json,results/convnext_test/stop4a_backbone_ablation_breakhis_balanced_convnext_ce_calibrated_cost_min_seed43_04-28_22-30,breakhis_balanced,convnext,ce_calibrated_cost_min,43,calibrated_cost_min,malignant,0.97,0.85,accuracy,,"[[0.0,1.0],[10.0,0.0]]","{""0"":0.5,""1"":0.5}",0.04441761480810825,0.038829787234042554,0.3882978723404255,,0.9326241134751773,0.0673758865248227,0.9006849315068494,0.10283687943262411,0.9148936170212766,0.9148936170212766,0.9148668536711153,0.9696821085458478,0.9765676378011193,0.26113143117457743,0.14588817345433502,0.03358769888615655,0.5,,,,,,"[[253,29],[19,263]]",0.9148936170212766,False,True,False
results/convnext_test/stop4a_backbone_ablation_breakhis_balanced_convnext_ce_calibrated_cost_min_seed43_04-28_22-30/metrics_20260428_223045_ce_calibrated_cost_min.json,results/convnext_test/stop4a_backbone_ablation_breakhis_balanced_convnext_ce_calibrated_cost_min_seed43_04-28_22-30,breakhis_balanced,convnext,ce_calibrated_cost_min,43,calibrated_threshold,malignant,0.97,0.85,accuracy,,"[[0.0,1.0],[10.0,0.0]]","{""0"":0.5,""1"":0.5}",0.044594919772647255,0.03900709219858156,0.3900709219858156,,0.9326241134751773,0.0673758865248227,0.8976109215017065,0.10638297872340426,0.9131205673758865,0.9131205673758864,0.9130875068794716,0.9696821085458478,0.9765676378011193,0.26113143117457743,0.14588817345433502,0.03358769888615655,0.5,0.0788526788652491,0.009851301115241635,0.9925650557620818,0.9349442379182156,0.009851301115241635,"[[252,30],[19,263]]",0.9131205673758865,False,True,False
results/convnext_test/stop4a_backbone_ablation_breakhis_balanced_convnext_nicme_logit_adjustment_seed43_04-28_22-33/metrics_20260428_223339_nicme_logit_adjustment.json,results/convnext_test/stop4a_backbone_ablation_breakhis_balanced_convnext_nicme_logit_adjustment_seed43_04-28_22-33,breakhis_balanced,convnext,nicme_logit_adjustment,43,argmax,malignant,0.97,0.85,accuracy,,"[[0.0,1.0],[10.0,0.0]]","{""0"":0.5,""1"":0.5}",0.20112376641014038,0.09680851063829787,0.9680851063829787,,0.8085106382978723,0.19148936170212766,0.9743589743589743,0.02127659574468085,0.8936170212765957,0.8936170212765957,0.8928408572731419,0.9584276444846839,0.9662012132027702,0.424844908515959,0.2528397798066623,0.20318359316240814,,,,,,,"[[276,6],[54,228]]",0.8936170212765957,False,True,False
results/convnext_test/stop4a_backbone_ablation_breakhis_balanced_convnext_nicme_logit_adjustment_seed43_04-28_22-33/metrics_20260428_223339_nicme_logit_adjustment.json,results/convnext_test/stop4a_backbone_ablation_breakhis_balanced_convnext_nicme_logit_adjustment_seed43_04-28_22-33,breakhis_balanced,convnext,nicme_logit_adjustment,43,calibrated_cost_min,malignant,0.97,0.85,accuracy,,"[[0.0,1.0],[10.0,0.0]]","{""0"":0.5,""1"":0.5}",0.08511065841758464,0.03953900709219858,0.3953900709219858,,0.9929078014184397,0.0070921985815602835,0.5797101449275363,0.7198581560283688,0.6365248226950354,0.6365248226950355,0.5836439258899152,0.9584276444846839,0.9662012132027702,0.31713469539988587,0.18434875588546643,0.08651434736071928,0.5,,,,,,"[[79,203],[2,280]]",0.6365248226950354,True,False,False
results/convnext_test/stop4a_backbone_ablation_breakhis_balanced_convnext_nicme_logit_adjustment_seed43_04-28_22-33/metrics_20260428_223339_nicme_logit_adjustment.json,results/convnext_test/stop4a_backbone_ablation_breakhis_balanced_convnext_nicme_logit_adjustment_seed43_04-28_22-33,breakhis_balanced,convnext,nicme_logit_adjustment,43,calibrated_threshold,malignant,0.97,0.85,accuracy,,"[[0.0,1.0],[10.0,0.0]]","{""0"":0.5,""1"":0.5}",0.04110817363311704,0.03900709219858156,0.3900709219858156,,0.9539007092198581,0.04609929078014184,0.7493036211699164,0.3191489361702128,0.8173758865248227,0.8173758865248226,0.8139072996184734,0.9584276444846839,0.9662012132027702,0.31713469539988587,0.18434875588546643,0.08651434736071928,0.5,0.19464424449908613,0.016728624535315987,0.9888475836431226,0.8828996282527881,0.016728624535315987,"[[192,90],[13,269]]",0.8173758865248227,False,False,False
results/convnext_test/stop4a_backbone_ablation_breakhis_balanced_convnext_nicme_hybrid_seed43_04-28_22-36/metrics_20260428_223634_nicme_hybrid.json,results/convnext_test/stop4a_backbone_ablation_breakhis_balanced_convnext_nicme_hybrid_seed43_04-28_22-36,breakhis_balanced,convnext,nicme_hybrid,43,argmax,malignant,0.97,0.85,accuracy,,"[[0.0,1.0],[10.0,0.0]]","{""0"":0.5,""1"":0.5}",0.11011928977415622,0.06914893617021277,0.6914893617021277,,0.8687943262411347,0.13120567375886524,0.9245283018867925,0.07092198581560284,0.898936170212766,0.898936170212766,0.8988442671180936,0.9513228710829437,0.9571108422368485,0.513427836086679,0.3268790658146737,0.2826904747503024,,,,,,,"[[262,20],[37,245]]",0.898936170212766,False,True,False
results/convnext_test/stop4a_backbone_ablation_breakhis_balanced_convnext_nicme_hybrid_seed43_04-28_22-36/metrics_20260428_223634_nicme_hybrid.json,results/convnext_test/stop4a_backbone_ablation_breakhis_balanced_convnext_nicme_hybrid_seed43_04-28_22-36,breakhis_balanced,convnext,nicme_hybrid,43,calibrated_cost_min,malignant,0.97,0.85,accuracy,,"[[0.0,1.0],[10.0,0.0]]","{""0"":0.5,""1"":0.5}",0.1725,0.05,0.5,,1.0,0.0,0.5,1.0,0.5,0.5,0.3333333333333333,0.9513228710829437,0.9571108422368485,0.4017133159910356,0.23696783172294658,0.1892979606634414,0.5,,,,,,"[[0,282],[0,282]]",0.5,True,False,False
results/convnext_test/stop4a_backbone_ablation_breakhis_balanced_convnext_nicme_hybrid_seed43_04-28_22-36/metrics_20260428_223634_nicme_hybrid.json,results/convnext_test/stop4a_backbone_ablation_breakhis_balanced_convnext_nicme_hybrid_seed43_04-28_22-36,breakhis_balanced,convnext,nicme_hybrid,43,calibrated_threshold,malignant,0.97,0.85,accuracy,,"[[0.0,1.0],[10.0,0.0]]","{""0"":0.5,""1"":0.5}",0.04801753432925908,0.04343971631205674,0.43439716312056736,,0.9361702127659575,0.06382978723404255,0.8024316109422492,0.23049645390070922,0.8528368794326241,0.8528368794326241,0.8518077667013838,0.9513228710829437,0.9571108422368485,0.4017133159910356,0.23696783172294658,0.1892979606634414,0.5,0.39626079644011236,0.016914498141263938,0.9851301115241635,0.8977695167286245,0.016914498141263938,"[[217,65],[18,264]]",0.8528368794326241,False,True,False
results/convnext_test/stop4a_backbone_ablation_breakhis_balanced_convnext_ce_calibrated_cost_min_seed44_04-28_22-40/metrics_20260428_224028_ce_calibrated_cost_min.json,results/convnext_test/stop4a_backbone_ablation_breakhis_balanced_convnext_ce_calibrated_cost_min_seed44_04-28_22-40,breakhis_balanced,convnext,ce_calibrated_cost_min,44,argmax,malignant,0.97,0.85,accuracy,,"[[0.0,1.0],[10.0,0.0]]","{""0"":0.5,""1"":0.5}",0.01702127659574468,0.01702127659574468,0.1702127659574468,,0.9893617021276596,0.010638297872340425,0.808695652173913,0.23404255319148937,0.8776595744680851,0.8776595744680851,0.8761138011059222,0.9928449273175393,0.9934584604667669,0.26364435937705505,0.16857043834819802,0.058207043096528896,,,,,,,"[[216,66],[3,279]]",0.8776595744680851,True,True,True
results/convnext_test/stop4a_backbone_ablation_breakhis_balanced_convnext_ce_calibrated_cost_min_seed44_04-28_22-40/metrics_20260428_224028_ce_calibrated_cost_min.json,results/convnext_test/stop4a_backbone_ablation_breakhis_balanced_convnext_ce_calibrated_cost_min_seed44_04-28_22-40,breakhis_balanced,convnext,ce_calibrated_cost_min,44,calibrated_cost_min,malignant,0.97,0.85,accuracy,,"[[0.0,1.0],[10.0,0.0]]","{""0"":0.5,""1"":0.5}",0.029069714803078305,0.022872340425531913,0.22872340425531915,,1.0,0.0,0.6861313868613139,0.4574468085106383,0.7712765957446809,0.7712765957446808,0.7586505448574414,0.9928449273175393,0.9934584604667669,0.2513328924309973,0.1618481895116202,0.05327647000328528,1.2000000000000002,,,,,,"[[153,129],[0,282]]",0.7712765957446809,True,False,False
results/convnext_test/stop4a_backbone_ablation_breakhis_balanced_convnext_ce_calibrated_cost_min_seed44_04-28_22-40/metrics_20260428_224028_ce_calibrated_cost_min.json,results/convnext_test/stop4a_backbone_ablation_breakhis_balanced_convnext_ce_calibrated_cost_min_seed44_04-28_22-40,breakhis_balanced,convnext,ce_calibrated_cost_min,44,calibrated_threshold,malignant,0.97,0.85,accuracy,,"[[0.0,1.0],[10.0,0.0]]","{""0"":0.5,""1"":0.5}",0.01648936170212766,0.01648936170212766,0.16489361702127658,,0.9964539007092199,0.0035460992907801418,0.771978021978022,0.29432624113475175,0.851063829787234,0.851063829787234,0.8478475906632581,0.9928449273175393,0.9934584604667669,0.2513328924309973,0.1618481895116202,0.05327647000328528,1.2000000000000002,0.3690224521221517,0.018029739776951673,0.9814126394052045,0.9033457249070632,0.018029739776951673,"[[199,83],[1,281]]",0.851063829787234,True,True,True
results/convnext_test/stop4a_backbone_ablation_breakhis_balanced_convnext_nicme_logit_adjustment_seed44_04-28_22-44/metrics_20260428_224428_nicme_logit_adjustment.json,results/convnext_test/stop4a_backbone_ablation_breakhis_balanced_convnext_nicme_logit_adjustment_seed44_04-28_22-44,breakhis_balanced,convnext,nicme_logit_adjustment,44,argmax,malignant,0.97,0.85,accuracy,,"[[0.0,1.0],[10.0,0.0]]","{""0"":0.5,""1"":0.5}",0.016312056737588655,0.016312056737588655,0.16312056737588654,,0.9858156028368794,0.014184397163120567,0.8424242424242424,0.18439716312056736,0.900709219858156,0.900709219858156,0.8999848001215989,0.985564106433278,0.9855216529502382,0.23866586643928778,0.14562454987604187,0.04127658269506817,,,,,,,"[[230,52],[4,278]]",0.900709219858156,True,True,True
results/convnext_test/stop4a_backbone_ablation_breakhis_balanced_convnext_nicme_logit_adjustment_seed44_04-28_22-44/metrics_20260428_224428_nicme_logit_adjustment.json,results/convnext_test/stop4a_backbone_ablation_breakhis_balanced_convnext_nicme_logit_adjustment_seed44_04-28_22-44,breakhis_balanced,convnext,nicme_logit_adjustment,44,calibrated_cost_min,malignant,0.97,0.85,accuracy,,"[[0.0,1.0],[10.0,0.0]]","{""0"":0.5,""1"":0.5}",0.019925305568130373,0.018617021276595744,0.18617021276595744,,1.0,0.0,0.7286821705426356,0.3723404255319149,0.8138297872340425,0.8138297872340425,0.8071455787098097,0.985564106433278,0.9855216529502382,0.24428990622491706,0.14788370727302586,0.043471681305133056,0.9,,,,,,"[[177,105],[0,282]]",0.8138297872340425,True,False,False
results/convnext_test/stop4a_backbone_ablation_breakhis_balanced_convnext_nicme_logit_adjustment_seed44_04-28_22-44/metrics_20260428_224428_nicme_logit_adjustment.json,results/convnext_test/stop4a_backbone_ablation_breakhis_balanced_convnext_nicme_logit_adjustment_seed44_04-28_22-44,breakhis_balanced,convnext,nicme_logit_adjustment,44,calibrated_threshold,malignant,0.97,0.85,accuracy,,"[[0.0,1.0],[10.0,0.0]]","{""0"":0.5,""1"":0.5}",0.025216161158895422,0.02127659574468085,0.2127659574468085,,1.0,0.0,0.7014925373134329,0.425531914893617,0.7872340425531915,0.7872340425531915,0.7771455666192508,0.985564106433278,0.9855216529502382,0.24428990622491706,0.14788370727302586,0.043471681305133056,0.9,0.06461166302853096,0.01845362142590622,0.9962825278810409,0.8345724907063197,0.018215613382899627,"[[162,120],[0,282]]",0.7872340425531915,True,False,False
results/convnext_test/stop4a_backbone_ablation_breakhis_balanced_convnext_nicme_hybrid_seed44_04-28_22-47/metrics_20260428_224724_nicme_hybrid.json,results/convnext_test/stop4a_backbone_ablation_breakhis_balanced_convnext_nicme_hybrid_seed44_04-28_22-47,breakhis_balanced,convnext,nicme_hybrid,44,argmax,malignant,0.97,0.85,accuracy,,"[[0.0,1.0],[10.0,0.0]]","{""0"":0.5,""1"":0.5}",0.15297377395503237,0.08581560283687943,0.8581560283687943,,0.8404255319148937,0.1595744680851064,0.8745387453874539,0.12056737588652482,0.8599290780141844,0.8599290780141844,0.8598757763975156,0.9406342739298827,0.9390464995718492,0.5307454395286416,0.3425752603174196,0.25299715477946805,,,,,,,"[[248,34],[45,237]]",0.8599290780141844,False,True,False
results/convnext_test/stop4a_backbone_ablation_breakhis_balanced_convnext_nicme_hybrid_seed44_04-28_22-47/metrics_20260428_224724_nicme_hybrid.json,results/convnext_test/stop4a_backbone_ablation_breakhis_balanced_convnext_nicme_hybrid_seed44_04-28_22-47,breakhis_balanced,convnext,nicme_hybrid,44,calibrated_cost_min,malignant,0.97,0.85,accuracy,,"[[0.0,1.0],[10.0,0.0]]","{""0"":0.5,""1"":0.5}",0.1725,0.05,0.5,,1.0,0.0,0.5,1.0,0.5,0.5,0.3333333333333333,0.9406342739298827,0.9390464995718492,0.42635667781282677,0.25705570426443386,0.1636973418604055,0.5,,,,,,"[[0,282],[0,282]]",0.5,True,False,False
results/convnext_test/stop4a_backbone_ablation_breakhis_balanced_convnext_nicme_hybrid_seed44_04-28_22-47/metrics_20260428_224724_nicme_hybrid.json,results/convnext_test/stop4a_backbone_ablation_breakhis_balanced_convnext_nicme_hybrid_seed44_04-28_22-47,breakhis_balanced,convnext,nicme_hybrid,44,calibrated_threshold,malignant,0.97,0.85,accuracy,,"[[0.0,1.0],[10.0,0.0]]","{""0"":0.5,""1"":0.5}",0.03180285196921684,0.030851063829787233,0.30851063829787234,,0.9716312056737588,0.028368794326241134,0.7445652173913043,0.3333333333333333,0.8191489361702128,0.8191489361702127,0.8148439008690056,0.9406342739298827,0.9390464995718492,0.42635667781282677,0.25705570426443386,0.1636973418604055,0.5,0.3679020363120764,0.010408921933085503,0.9925650557620818,0.929368029739777,0.010408921933085503,"[[188,94],[8,274]]",0.8191489361702128,True,False,False
results/timm_dinov3_convnext_lora_test/stop4a_backbone_ablation_breakhis_balanced_timm_dinov3_convnext_lora_ce_calibrated_cost_min_seed42_04-28_22-50/metrics_20260428_225036_ce_calibrated_cost_min.json,results/timm_dinov3_convnext_lora_test/stop4a_backbone_ablation_breakhis_balanced_timm_dinov3_convnext_lora_ce_calibrated_cost_min_seed42_04-28_22-50,breakhis_balanced,timm_dinov3_convnext_lora,ce_calibrated_cost_min,42,argmax,malignant,0.97,0.85,accuracy,,"[[0.0,1.0],[10.0,0.0]]","{""0"":0.5,""1"":0.5}",0.05425690860620692,0.0450354609929078,0.450354609929078,,0.9219858156028369,0.07801418439716312,0.8843537414965986,0.12056737588652482,0.900709219858156,0.9007092198581561,0.9006642512077295,0.9738569488456315,0.9739620726518585,0.208662338319882,0.13150322067404024,0.028587717853539345,,,,,,,"[[248,34],[22,260]]",0.900709219858156,False,True,False
results/timm_dinov3_convnext_lora_test/stop4a_backbone_ablation_breakhis_balanced_timm_dinov3_convnext_lora_ce_calibrated_cost_min_seed42_04-28_22-50/metrics_20260428_225036_ce_calibrated_cost_min.json,results/timm_dinov3_convnext_lora_test/stop4a_backbone_ablation_breakhis_balanced_timm_dinov3_convnext_lora_ce_calibrated_cost_min_seed42_04-28_22-50,breakhis_balanced,timm_dinov3_convnext_lora,ce_calibrated_cost_min,42,calibrated_cost_min,malignant,0.97,0.85,accuracy,,"[[0.0,1.0],[10.0,0.0]]","{""0"":0.5,""1"":0.5}",0.01685013329309391,0.016843971631205674,0.16843971631205673,,0.9964539007092199,0.0035460992907801418,0.76775956284153,0.30141843971631205,0.8475177304964538,0.8475177304964538,0.8440586419753087,0.9738569488456315,0.9739620726518585,0.20866233377884455,0.1315032202327671,0.028587715132330743,1.0,,,,,,"[[197,85],[1,281]]",0.8475177304964538,True,False,False
results/timm_dinov3_convnext_lora_test/stop4a_backbone_ablation_breakhis_balanced_timm_dinov3_convnext_lora_ce_calibrated_cost_min_seed42_04-28_22-50/metrics_20260428_225036_ce_calibrated_cost_min.json,results/timm_dinov3_convnext_lora_test/stop4a_backbone_ablation_breakhis_balanced_timm_dinov3_convnext_lora_ce_calibrated_cost_min_seed42_04-28_22-50,breakhis_balanced,timm_dinov3_convnext_lora,ce_calibrated_cost_min,42,calibrated_threshold,malignant,0.97,0.85,accuracy,,"[[0.0,1.0],[10.0,0.0]]","{""0"":0.5,""1"":0.5}",0.018617021276595744,0.018617021276595744,0.18617021276595744,,0.9858156028368794,0.014184397163120567,0.8104956268221575,0.23049645390070922,0.8776595744680851,0.8776595744680851,0.8762115308151093,0.9738569488456315,0.9739620726518585,0.20866233377884455,0.1315032202327671,0.028587715132330743,1.0,0.15088028631962455,0.01747211895910781,0.9888475836431226,0.8754646840148699,0.01747211895910781,"[[217,65],[4,278]]",0.8776595744680851,True,True,True
results/timm_dinov3_convnext_lora_test/stop4a_backbone_ablation_breakhis_balanced_timm_dinov3_convnext_lora_nicme_logit_adjustment_seed42_04-28_22-53/metrics_20260428_225412_nicme_logit_adjustment.json,results/timm_dinov3_convnext_lora_test/stop4a_backbone_ablation_breakhis_balanced_timm_dinov3_convnext_lora_nicme_logit_adjustment_seed42_04-28_22-53,breakhis_balanced,timm_dinov3_convnext_lora,nicme_logit_adjustment,42,argmax,malignant,0.97,0.85,accuracy,,"[[0.0,1.0],[10.0,0.0]]","{""0"":0.5,""1"":0.5}",0.01276595744680851,0.01276595744680851,0.1276595744680851,,0.9858156028368794,0.014184397163120567,0.896774193548387,0.11347517730496454,0.9361702127659575,0.9361702127659575,0.9360125050423558,0.991386248176651,0.9915502423455066,0.1614694005989664,0.09345051988869024,0.026353383846316795,,,,,,,"[[250,32],[4,278]]",0.9361702127659575,True,True,True
results/timm_dinov3_convnext_lora_test/stop4a_backbone_ablation_breakhis_balanced_timm_dinov3_convnext_lora_nicme_logit_adjustment_seed42_04-28_22-53/metrics_20260428_225412_nicme_logit_adjustment.json,results/timm_dinov3_convnext_lora_test/stop4a_backbone_ablation_breakhis_balanced_timm_dinov3_convnext_lora_nicme_logit_adjustment_seed42_04-28_22-53,breakhis_balanced,timm_dinov3_convnext_lora,nicme_logit_adjustment,42,calibrated_cost_min,malignant,0.97,0.85,accuracy,,"[[0.0,1.0],[10.0,0.0]]","{""0"":0.5,""1"":0.5}",0.013829787234042554,0.013829787234042554,0.13829787234042554,,1.0,0.0,0.7833333333333333,0.2765957446808511,0.8617021276595744,0.8617021276595744,0.8590054228683512,0.991386248176651,0.9915502423455066,0.15318291284894603,0.09309024577471493,0.016169988147490735,0.7,,,,,,"[[204,78],[0,282]]",0.8617021276595744,True,True,True
results/timm_dinov3_convnext_lora_test/stop4a_backbone_ablation_breakhis_balanced_timm_dinov3_convnext_lora_nicme_logit_adjustment_seed42_04-28_22-53/metrics_20260428_225412_nicme_logit_adjustment.json,results/timm_dinov3_convnext_lora_test/stop4a_backbone_ablation_breakhis_balanced_timm_dinov3_convnext_lora_nicme_logit_adjustment_seed42_04-28_22-53,breakhis_balanced,timm_dinov3_convnext_lora,nicme_logit_adjustment,42,calibrated_threshold,malignant,0.97,0.85,accuracy,,"[[0.0,1.0],[10.0,0.0]]","{""0"":0.5,""1"":0.5}",0.013297872340425532,0.013297872340425532,0.13297872340425532,,0.9964539007092199,0.0035460992907801418,0.8121387283236994,0.23049645390070922,0.8829787234042553,0.8829787234042553,0.8814522292993631,0.991386248176651,0.9915502423455066,0.15318291284894603,0.09309024577471493,0.016169988147490735,0.7,0.15393037211933774,0.009479553903345725,1.0,0.9052044609665427,0.009479553903345725,"[[217,65],[1,281]]",0.8829787234042553,True,True,True
results/timm_dinov3_convnext_lora_test/stop4a_backbone_ablation_breakhis_balanced_timm_dinov3_convnext_lora_nicme_hybrid_seed42_04-28_22-57/metrics_20260428_225719_nicme_hybrid.json,results/timm_dinov3_convnext_lora_test/stop4a_backbone_ablation_breakhis_balanced_timm_dinov3_convnext_lora_nicme_hybrid_seed42_04-28_22-57,breakhis_balanced,timm_dinov3_convnext_lora,nicme_hybrid,42,argmax,malignant,0.97,0.85,accuracy,,"[[0.0,1.0],[10.0,0.0]]","{""0"":0.5,""1"":0.5}",0.014716312056737587,0.014716312056737587,0.14716312056737588,,0.9929078014184397,0.0070921985815602835,0.8163265306122449,0.22340425531914893,0.8847517730496454,0.8847517730496454,0.8833876739562623,0.9740581459685127,0.9734083894489248,0.38835332449551,0.23269155358057514,0.15887307571181164,,,,,,,"[[219,63],[2,280]]",0.8847517730496454,True,True,True
results/timm_dinov3_convnext_lora_test/stop4a_backbone_ablation_breakhis_balanced_timm_dinov3_convnext_lora_nicme_hybrid_seed42_04-28_22-57/metrics_20260428_225719_nicme_hybrid.json,results/timm_dinov3_convnext_lora_test/stop4a_backbone_ablation_breakhis_balanced_timm_dinov3_convnext_lora_nicme_hybrid_seed42_04-28_22-57,breakhis_balanced,timm_dinov3_convnext_lora,nicme_hybrid,42,calibrated_cost_min,malignant,0.97,0.85,accuracy,,"[[0.0,1.0],[10.0,0.0]]","{""0"":0.5,""1"":0.5}",0.11962853981188071,0.04273049645390071,0.42730496453900707,,1.0,0.0,0.5391969407265774,0.8546099290780141,0.5726950354609929,0.5726950354609929,0.47724554352633497,0.9740581459685127,0.9734083894489248,0.3031456730882326,0.18349854220008124,0.051671322012371824,0.5,,,,,,"[[41,241],[0,282]]",0.5726950354609929,True,False,False
results/timm_dinov3_convnext_lora_test/stop4a_backbone_ablation_breakhis_balanced_timm_dinov3_convnext_lora_nicme_hybrid_seed42_04-28_22-57/metrics_20260428_225719_nicme_hybrid.json,results/timm_dinov3_convnext_lora_test/stop4a_backbone_ablation_breakhis_balanced_timm_dinov3_convnext_lora_nicme_hybrid_seed42_04-28_22-57,breakhis_balanced,timm_dinov3_convnext_lora,nicme_hybrid,42,calibrated_threshold,malignant,0.97,0.85,accuracy,,"[[0.0,1.0],[10.0,0.0]]","{""0"":0.5,""1"":0.5}",0.02056737588652482,0.02056737588652482,0.20567375886524822,,0.975177304964539,0.024822695035460994,0.8566978193146417,0.16312056737588654,0.9060283687943262,0.9060283687943262,0.905576877517176,0.9740581459685127,0.9734083894489248,0.3031456730882326,0.18349854220008124,0.051671322012371824,0.5,0.5974768395709531,0.010223048327137546,0.9888475836431226,0.9479553903345725,0.010223048327137546,"[[236,46],[7,275]]",0.9060283687943262,True,True,True
results/timm_dinov3_convnext_lora_test/stop4a_backbone_ablation_breakhis_balanced_timm_dinov3_convnext_lora_ce_calibrated_cost_min_seed43_04-28_23-02/metrics_20260428_230312_ce_calibrated_cost_min.json,results/timm_dinov3_convnext_lora_test/stop4a_backbone_ablation_breakhis_balanced_timm_dinov3_convnext_lora_ce_calibrated_cost_min_seed43_04-28_23-02,breakhis_balanced,timm_dinov3_convnext_lora,ce_calibrated_cost_min,43,argmax,malignant,0.97,0.85,accuracy,,"[[0.0,1.0],[10.0,0.0]]","{""0"":0.5,""1"":0.5}",0.02304964539007092,0.02304964539007092,0.23049645390070922,,0.975177304964539,0.024822695035460994,0.8208955223880597,0.2127659574468085,0.8812056737588653,0.8812056737588653,0.8801472943698916,0.9781072380664956,0.9794776153202325,0.35019890539710197,0.192450122111816,0.08452283015065157,,,,,,,"[[222,60],[7,275]]",0.8812056737588653,True,True,True
results/timm_dinov3_convnext_lora_test/stop4a_backbone_ablation_breakhis_balanced_timm_dinov3_convnext_lora_ce_calibrated_cost_min_seed43_04-28_23-02/metrics_20260428_230312_ce_calibrated_cost_min.json,results/timm_dinov3_convnext_lora_test/stop4a_backbone_ablation_breakhis_balanced_timm_dinov3_convnext_lora_ce_calibrated_cost_min_seed43_04-28_23-02,breakhis_balanced,timm_dinov3_convnext_lora,ce_calibrated_cost_min,43,calibrated_cost_min,malignant,0.97,0.85,accuracy,,"[[0.0,1.0],[10.0,0.0]]","{""0"":0.5,""1"":0.5}",0.02366694331271062,0.02056737588652482,0.20567375886524822,,1.0,0.0,0.7085427135678392,0.41134751773049644,0.7943262411347518,0.7943262411347518,0.7852415966386554,0.9781072380664956,0.9794776153202325,0.27101083045882435,0.1727162619297526,0.05209669337877147,1.6500000000000001,,,,,,"[[166,116],[0,282]]",0.7943262411347518,True,False,False
results/timm_dinov3_convnext_lora_test/stop4a_backbone_ablation_breakhis_balanced_timm_dinov3_convnext_lora_ce_calibrated_cost_min_seed43_04-28_23-02/metrics_20260428_230312_ce_calibrated_cost_min.json,results/timm_dinov3_convnext_lora_test/stop4a_backbone_ablation_breakhis_balanced_timm_dinov3_convnext_lora_ce_calibrated_cost_min_seed43_04-28_23-02,breakhis_balanced,timm_dinov3_convnext_lora,ce_calibrated_cost_min,43,calibrated_threshold,malignant,0.97,0.85,accuracy,,"[[0.0,1.0],[10.0,0.0]]","{""0"":0.5,""1"":0.5}",0.02198581560283688,0.02198581560283688,0.2198581560283688,,0.9716312056737588,0.028368794326241134,0.8616352201257862,0.15602836879432624,0.9078014184397163,0.9078014184397163,0.9074242424242425,0.9781072380664956,0.9794776153202325,0.27101083045882435,0.1727162619297526,0.05209669337877147,1.6500000000000001,0.6828332916586617,0.017100371747211896,0.9739776951672863,0.9460966542750929,0.017100371747211896,"[[238,44],[8,274]]",0.9078014184397163,True,True,True
results/timm_dinov3_convnext_lora_test/stop4a_backbone_ablation_breakhis_balanced_timm_dinov3_convnext_lora_nicme_logit_adjustment_seed43_04-28_23-07/metrics_20260428_230747_nicme_logit_adjustment.json,results/timm_dinov3_convnext_lora_test/stop4a_backbone_ablation_breakhis_balanced_timm_dinov3_convnext_lora_nicme_logit_adjustment_seed43_04-28_23-07,breakhis_balanced,timm_dinov3_convnext_lora,nicme_logit_adjustment,43,argmax,malignant,0.97,0.85,accuracy,,"[[0.0,1.0],[10.0,0.0]]","{""0"":0.5,""1"":0.5}",0.019858156028368795,0.019858156028368795,0.19858156028368795,,0.9787234042553191,0.02127659574468085,0.8414634146341463,0.18439716312056736,0.8971631205673759,0.8971631205673758,0.8964744604088866,0.9733162315778885,0.9711831041957574,0.24781324429409943,0.15112106099827222,0.03699615893634496,,,,,,,"[[230,52],[6,276]]",0.8971631205673759,True,True,True
results/timm_dinov3_convnext_lora_test/stop4a_backbone_ablation_breakhis_balanced_timm_dinov3_convnext_lora_nicme_logit_adjustment_seed43_04-28_23-07/metrics_20260428_230747_nicme_logit_adjustment.json,results/timm_dinov3_convnext_lora_test/stop4a_backbone_ablation_breakhis_balanced_timm_dinov3_convnext_lora_nicme_logit_adjustment_seed43_04-28_23-07,breakhis_balanced,timm_dinov3_convnext_lora,nicme_logit_adjustment,43,calibrated_cost_min,malignant,0.97,0.85,accuracy,,"[[0.0,1.0],[10.0,0.0]]","{""0"":0.5,""1"":0.5}",0.019326744127558974,0.018262411347517733,0.18262411347517732,,1.0,0.0,0.7324675324675325,0.36524822695035464,0.8173758865248227,0.8173758865248226,0.8110749397535506,0.9733162315778885,0.9711831041957574,0.24781324640790375,0.1511210613380049,0.03699615781843926,1.0,,,,,,"[[179,103],[0,282]]",0.8173758865248227,True,False,False
results/timm_dinov3_convnext_lora_test/stop4a_backbone_ablation_breakhis_balanced_timm_dinov3_convnext_lora_nicme_logit_adjustment_seed43_04-28_23-07/metrics_20260428_230747_nicme_logit_adjustment.json,results/timm_dinov3_convnext_lora_test/stop4a_backbone_ablation_breakhis_balanced_timm_dinov3_convnext_lora_nicme_logit_adjustment_seed43_04-28_23-07,breakhis_balanced,timm_dinov3_convnext_lora,nicme_logit_adjustment,43,calibrated_threshold,malignant,0.97,0.85,accuracy,,"[[0.0,1.0],[10.0,0.0]]","{""0"":0.5,""1"":0.5}",0.013652482269503547,0.013652482269503547,0.13652482269503546,,1.0,0.0,0.7855153203342619,0.2730496453900709,0.8634751773049646,0.8634751773049645,0.8608821560254607,0.9733162315778885,0.9711831041957574,0.24781324640790375,0.1511210613380049,0.03699615781843926,1.0,0.2418741985566168,0.014869888475836432,0.9962825278810409,0.8680297397769516,0.014869888475836432,"[[205,77],[0,282]]",0.8634751773049646,True,True,True
results/timm_dinov3_convnext_lora_test/stop4a_backbone_ablation_breakhis_balanced_timm_dinov3_convnext_lora_nicme_hybrid_seed43_04-28_23-11/metrics_20260428_231121_nicme_hybrid.json,results/timm_dinov3_convnext_lora_test/stop4a_backbone_ablation_breakhis_balanced_timm_dinov3_convnext_lora_nicme_hybrid_seed43_04-28_23-11,breakhis_balanced,timm_dinov3_convnext_lora,nicme_hybrid,43,argmax,malignant,0.97,0.85,accuracy,,"[[0.0,1.0],[10.0,0.0]]","{""0"":0.5,""1"":0.5}",0.03930670489412001,0.03563829787234042,0.35638297872340424,,0.9397163120567376,0.06028368794326241,0.8952702702702703,0.1099290780141844,0.9148936170212766,0.9148936170212766,0.9148411450141554,0.97536592726724,0.9707115227227103,0.3119923618386412,0.170555379942465,0.1580514850768637,,,,,,,"[[251,31],[17,265]]",0.9148936170212766,False,True,False
results/timm_dinov3_convnext_lora_test/stop4a_backbone_ablation_breakhis_balanced_timm_dinov3_convnext_lora_nicme_hybrid_seed43_04-28_23-11/metrics_20260428_231121_nicme_hybrid.json,results/timm_dinov3_convnext_lora_test/stop4a_backbone_ablation_breakhis_balanced_timm_dinov3_convnext_lora_nicme_hybrid_seed43_04-28_23-11,breakhis_balanced,timm_dinov3_convnext_lora,nicme_hybrid,43,calibrated_cost_min,malignant,0.97,0.85,accuracy,,"[[0.0,1.0],[10.0,0.0]]","{""0"":0.5,""1"":0.5}",0.030920099592575828,0.02553191489361702,0.2553191489361702,,0.9929078014184397,0.0070921985815602835,0.693069306930693,0.4397163120567376,0.776595744680851,0.7765957446808511,0.7656293286545388,0.97536592726724,0.9707115227227103,0.21589140963225717,0.12060995379168378,0.05947906820061583,0.5,,,,,,"[[158,124],[2,280]]",0.776595744680851,True,False,False
results/timm_dinov3_convnext_lora_test/stop4a_backbone_ablation_breakhis_balanced_timm_dinov3_convnext_lora_nicme_hybrid_seed43_04-28_23-11/metrics_20260428_231121_nicme_hybrid.json,results/timm_dinov3_convnext_lora_test/stop4a_backbone_ablation_breakhis_balanced_timm_dinov3_convnext_lora_nicme_hybrid_seed43_04-28_23-11,breakhis_balanced,timm_dinov3_convnext_lora,nicme_hybrid,43,calibrated_threshold,malignant,0.97,0.85,accuracy,,"[[0.0,1.0],[10.0,0.0]]","{""0"":0.5,""1"":0.5}",0.041457250641315814,0.03687943262411347,0.36879432624113473,,0.9361702127659575,0.06382978723404255,0.9041095890410958,0.09929078014184398,0.9184397163120568,0.9184397163120568,0.9184140681014855,0.97536592726724,0.9707115227227103,0.21589140963225717,0.12060995379168378,0.05947906820061583,0.5,0.5172282773569381,0.012081784386617101,0.9851301115241635,0.9460966542750929,0.012081784386617101,"[[254,28],[18,264]]",0.9184397163120568,False,True,False
results/timm_dinov3_convnext_lora_test/stop4a_backbone_ablation_breakhis_balanced_timm_dinov3_convnext_lora_ce_calibrated_cost_min_seed44_04-28_23-16/metrics_20260428_231618_ce_calibrated_cost_min.json,results/timm_dinov3_convnext_lora_test/stop4a_backbone_ablation_breakhis_balanced_timm_dinov3_convnext_lora_ce_calibrated_cost_min_seed44_04-28_23-16,breakhis_balanced,timm_dinov3_convnext_lora,ce_calibrated_cost_min,44,argmax,malignant,0.97,0.85,accuracy,,"[[0.0,1.0],[10.0,0.0]]","{""0"":0.5,""1"":0.5}",0.030976389517629883,0.029432624113475175,0.29432624113475175,,0.950354609929078,0.04964539007092199,0.9115646258503401,0.09219858156028368,0.9290780141843972,0.9290780141843972,0.9290458937198068,0.9850108143453549,0.9852730016549369,0.16463100232685743,0.10240959967293987,0.020051388030356533,,,,,,,"[[256,26],[14,268]]",0.9290780141843972,False,True,False
results/timm_dinov3_convnext_lora_test/stop4a_backbone_ablation_breakhis_balanced_timm_dinov3_convnext_lora_ce_calibrated_cost_min_seed44_04-28_23-16/metrics_20260428_231618_ce_calibrated_cost_min.json,results/timm_dinov3_convnext_lora_test/stop4a_backbone_ablation_breakhis_balanced_timm_dinov3_convnext_lora_ce_calibrated_cost_min_seed44_04-28_23-16,breakhis_balanced,timm_dinov3_convnext_lora,ce_calibrated_cost_min,44,calibrated_cost_min,malignant,0.97,0.85,accuracy,,"[[0.0,1.0],[10.0,0.0]]","{""0"":0.5,""1"":0.5}",0.01347517730496454,0.01347517730496454,0.1347517730496454,,0.9964539007092199,0.0035460992907801418,0.8097982708933718,0.23404255319148937,0.8812056737588653,0.8812056737588653,0.8796065899684904,0.9850108143453549,0.9852730016549369,0.16149754335402153,0.10085228496210095,0.018720128570196656,1.15,,,,,,"[[216,66],[1,281]]",0.8812056737588653,True,True,True
results/timm_dinov3_convnext_lora_test/stop4a_backbone_ablation_breakhis_balanced_timm_dinov3_convnext_lora_ce_calibrated_cost_min_seed44_04-28_23-16/metrics_20260428_231618_ce_calibrated_cost_min.json,results/timm_dinov3_convnext_lora_test/stop4a_backbone_ablation_breakhis_balanced_timm_dinov3_convnext_lora_ce_calibrated_cost_min_seed44_04-28_23-16,breakhis_balanced,timm_dinov3_convnext_lora,ce_calibrated_cost_min,44,calibrated_threshold,malignant,0.97,0.85,accuracy,,"[[0.0,1.0],[10.0,0.0]]","{""0"":0.5,""1"":0.5}",0.01648936170212766,0.01648936170212766,0.16489361702127658,,0.9964539007092199,0.0035460992907801418,0.771978021978022,0.29432624113475175,0.851063829787234,0.851063829787234,0.8478475906632581,0.9850108143453549,0.9852730016549369,0.16149754335402153,0.10085228496210095,0.018720128570196656,1.15,0.047310867366692926,0.011895910780669145,1.0,0.8810408921933085,0.011895910780669145,"[[199,83],[1,281]]",0.851063829787234,True,True,True
results/timm_dinov3_convnext_lora_test/stop4a_backbone_ablation_breakhis_balanced_timm_dinov3_convnext_lora_nicme_logit_adjustment_seed44_04-28_23-21/metrics_20260428_232144_nicme_logit_adjustment.json,results/timm_dinov3_convnext_lora_test/stop4a_backbone_ablation_breakhis_balanced_timm_dinov3_convnext_lora_nicme_logit_adjustment_seed44_04-28_23-21,breakhis_balanced,timm_dinov3_convnext_lora,nicme_logit_adjustment,44,argmax,malignant,0.97,0.85,accuracy,,"[[0.0,1.0],[10.0,0.0]]","{""0"":0.5,""1"":0.5}",0.018617021276595744,0.018617021276595744,0.18617021276595744,,0.975177304964539,0.024822695035460994,0.8870967741935484,0.12411347517730496,0.925531914893617,0.925531914893617,0.9253479225494151,0.9869347618329058,0.9871664907780016,0.1681235555488074,0.10297972956076003,0.02229688903118701,,,,,,,"[[247,35],[7,275]]",0.925531914893617,True,True,True
results/timm_dinov3_convnext_lora_test/stop4a_backbone_ablation_breakhis_balanced_timm_dinov3_convnext_lora_nicme_logit_adjustment_seed44_04-28_23-21/metrics_20260428_232144_nicme_logit_adjustment.json,results/timm_dinov3_convnext_lora_test/stop4a_backbone_ablation_breakhis_balanced_timm_dinov3_convnext_lora_nicme_logit_adjustment_seed44_04-28_23-21,breakhis_balanced,timm_dinov3_convnext_lora,nicme_logit_adjustment,44,calibrated_cost_min,malignant,0.97,0.85,accuracy,,"[[0.0,1.0],[10.0,0.0]]","{""0"":0.5,""1"":0.5}",0.01702127659574468,0.01702127659574468,0.1702127659574468,,0.9929078014184397,0.0070921985815602835,0.7865168539325843,0.2695035460992908,0.8617021276595744,0.8617021276595744,0.8592796366195381,0.9869347618329058,0.9871664907780016,0.16479784725632987,0.10158793209855684,0.020872532425616097,1.15,,,,,,"[[206,76],[2,280]]",0.8617021276595744,True,True,True
results/timm_dinov3_convnext_lora_test/stop4a_backbone_ablation_breakhis_balanced_timm_dinov3_convnext_lora_nicme_logit_adjustment_seed44_04-28_23-21/metrics_20260428_232144_nicme_logit_adjustment.json,results/timm_dinov3_convnext_lora_test/stop4a_backbone_ablation_breakhis_balanced_timm_dinov3_convnext_lora_nicme_logit_adjustment_seed44_04-28_23-21,breakhis_balanced,timm_dinov3_convnext_lora,nicme_logit_adjustment,44,calibrated_threshold,malignant,0.97,0.85,accuracy,,"[[0.0,1.0],[10.0,0.0]]","{""0"":0.5,""1"":0.5}",0.01648936170212766,0.01648936170212766,0.16489361702127658,,0.9929078014184397,0.0070921985815602835,0.7932011331444759,0.25886524822695034,0.8670212765957447,0.8670212765957447,0.8648799731676543,0.9869347618329058,0.9871664907780016,0.16479784725632987,0.10158793209855684,0.020872532425616097,1.15,0.10548076116368393,0.012081784386617101,0.9962825278810409,0.895910780669145,0.012081784386617101,"[[209,73],[2,280]]",0.8670212765957447,True,True,True
results/timm_dinov3_convnext_lora_test/stop4a_backbone_ablation_breakhis_balanced_timm_dinov3_convnext_lora_nicme_hybrid_seed44_04-28_23-25/metrics_20260428_232524_nicme_hybrid.json,results/timm_dinov3_convnext_lora_test/stop4a_backbone_ablation_breakhis_balanced_timm_dinov3_convnext_lora_nicme_hybrid_seed44_04-28_23-25,breakhis_balanced,timm_dinov3_convnext_lora,nicme_hybrid,44,argmax,malignant,0.97,0.85,accuracy,,"[[0.0,1.0],[10.0,0.0]]","{""0"":0.5,""1"":0.5}",0.10905545998692218,0.06808510638297872,0.6808510638297872,,0.8687943262411347,0.13120567375886524,0.9459459459459459,0.04964539007092199,0.9095744680851063,0.9095744680851063,0.9094238381192001,0.9701222272521502,0.9683548996868256,0.2945520574145532,0.16610710214240934,0.11054176071011432,,,,,,,"[[268,14],[37,245]]",0.9095744680851063,False,True,False
results/timm_dinov3_convnext_lora_test/stop4a_backbone_ablation_breakhis_balanced_timm_dinov3_convnext_lora_nicme_hybrid_seed44_04-28_23-25/metrics_20260428_232524_nicme_hybrid.json,results/timm_dinov3_convnext_lora_test/stop4a_backbone_ablation_breakhis_balanced_timm_dinov3_convnext_lora_nicme_hybrid_seed44_04-28_23-25,breakhis_balanced,timm_dinov3_convnext_lora,nicme_hybrid,44,calibrated_cost_min,malignant,0.97,0.85,accuracy,,"[[0.0,1.0],[10.0,0.0]]","{""0"":0.5,""1"":0.5}",0.01879432624113475,0.01879432624113475,0.1879432624113475,,0.9893617021276596,0.010638297872340425,0.7859154929577464,0.2695035460992908,0.8599290780141844,0.8599290780141844,0.8575425156746076,0.9701222272521502,0.9683548996868256,0.23338623852634485,0.13790097227151524,0.026261799994230225,0.5,,,,,,"[[206,76],[3,279]]",0.8599290780141844,True,True,True
results/timm_dinov3_convnext_lora_test/stop4a_backbone_ablation_breakhis_balanced_timm_dinov3_convnext_lora_nicme_hybrid_seed44_04-28_23-25/metrics_20260428_232524_nicme_hybrid.json,results/timm_dinov3_convnext_lora_test/stop4a_backbone_ablation_breakhis_balanced_timm_dinov3_convnext_lora_nicme_hybrid_seed44_04-28_23-25,breakhis_balanced,timm_dinov3_convnext_lora,nicme_hybrid,44,calibrated_threshold,malignant,0.97,0.85,accuracy,,"[[0.0,1.0],[10.0,0.0]]","{""0"":0.5,""1"":0.5}",0.016666666666666666,0.016666666666666666,0.16666666666666666,,0.9893617021276596,0.010638297872340425,0.8134110787172012,0.22695035460992907,0.8812056737588653,0.8812056737588653,0.8797996023856859,0.9701222272521502,0.9683548996868256,0.23338623852634485,0.13790097227151524,0.026261799994230225,0.5,0.10983815045161473,0.010594795539033457,0.9962825278810409,0.9107806691449815,0.010594795539033457,"[[218,64],[3,279]]",0.8812056737588653,True,True,True
