dataset,model,method,mode,cost_ratio,n,target_class,target_recall_floor,accuracy_floor,selection_accuracy_metric,cost_matrix,test_class_prevalence,floor_pass_rate,all_seeds_floor_met,any_seed_floor_met,confusion_matrix_sum,selection_score_mean,selection_score_sd,selection_score_ci95,normalized_atc_mean,normalized_atc_sd,normalized_atc_ci95,atc_mean,atc_sd,atc_ci95,target_recall_mean,target_recall_sd,target_recall_ci95,target_fnr_mean,target_fnr_sd,target_fnr_ci95,target_precision_mean,target_precision_sd,target_precision_ci95,target_fpr_mean,target_fpr_sd,target_fpr_ci95,accuracy_mean,accuracy_sd,accuracy_ci95,balanced_accuracy_mean,balanced_accuracy_sd,balanced_accuracy_ci95,macro_f1_mean,macro_f1_sd,macro_f1_ci95,auroc_mean,auroc_sd,auroc_ci95,auprc_mean,auprc_sd,auprc_ci95,nll_mean,nll_sd,nll_ci95,brier_mean,brier_sd,brier_ci95,ece_mean,ece_sd,ece_ci95,selected_accuracy_mean,selected_accuracy_sd,selected_accuracy_ci95
spider_target_majority,vit,ce,calibrated_threshold,,1,black_widow,0.95,0.75,balanced_accuracy,"[[0.0,10.0],[1.0,0.0]]","{""0"":0.75,""1"":0.25}",0.0,False,False,"[[150,0],[32,18]]",0.02090000000000001,0.0,0.0,0.016,0.0,0.0,0.16,0.0,0.0,1.0,0.0,0.0,0.0,0.0,0.0,0.8241758241758241,0.0,0.0,0.64,0.0,0.0,0.84,0.0,0.0,0.6799999999999999,0.0,0.0,0.7165131112686038,0.0,0.0,0.9176,0.0,0.0,0.8365934687914078,0.0,0.0,0.3837561331820609,0.0,0.0,0.22900877295810051,0.0,0.0,0.07732680082591173,0.0,0.0,0.6799999999999999,0.0,0.0
spider_target_majority,vit,ce,argmax,,1,black_widow,0.95,0.75,balanced_accuracy,"[[0.0,10.0],[1.0,0.0]]","{""0"":0.75,""1"":0.25}",0.0,False,False,"[[149,1],[29,21]]",0.021377777777777777,0.0,0.0,0.0195,0.0,0.0,0.195,0.0,0.0,0.9933333333333333,0.0,0.0,0.006666666666666667,0.0,0.0,0.8370786516853933,0.0,0.0,0.58,0.0,0.0,0.85,0.0,0.0,0.7066666666666667,0.0,0.0,0.7459349593495935,0.0,0.0,0.9176,0.0,0.0,0.8365934687914078,0.0,0.0,0.42270404521980853,0.0,0.0,0.23831310816187348,0.0,0.0,0.1004687488079071,0.0,0.0,0.7066666666666667,0.0,0.0
spider_target_majority,vit,ce,calibrated_cost_min,,1,black_widow,0.95,0.75,balanced_accuracy,"[[0.0,10.0],[1.0,0.0]]","{""0"":0.75,""1"":0.25}",0.0,False,False,"[[150,0],[41,9]]",0.04610000000000001,0.0,0.0,0.020499999999999997,0.0,0.0,0.205,0.0,0.0,1.0,0.0,0.0,0.0,0.0,0.0,0.7853403141361257,0.0,0.0,0.82,0.0,0.0,0.795,0.0,0.0,0.59,0.0,0.0,0.59242507082857,0.0,0.0,0.9176,0.0,0.0,0.8365934687914078,0.0,0.0,0.3837561331820609,0.0,0.0,0.22900877295810051,0.0,0.0,0.07732680082591173,0.0,0.0,0.59,0.0,0.0
spider_target_minority,vit,menon_logit_adjusted,calibrated_threshold,,3,black_widow,0.95,0.75,balanced_accuracy,"[[0.0,10.0],[1.0,0.0]]","{""0"":0.25,""1"":0.75}",1.0,True,True,"[[148,2],[71,379]]",0.015166666666666667,0.0076539750021366905,0.008661288074594398,0.015166666666666667,0.0076539750021366905,0.008661288074594398,0.15166666666666664,0.07653975002136688,0.08661288074594396,0.9866666666666667,0.023094010767585053,0.02613333333333336,0.013333333333333334,0.023094010767585032,0.02613333333333334,0.6767495813085138,0.039423421548820635,0.04461180116543187,0.1577777777777778,0.025239592648001217,0.028561287794737603,0.8783333333333333,0.02466441431158126,0.02791041223470396,0.9144444444444444,0.024113927126900758,0.027287477343152934,0.8573547691828942,0.027104906744845086,0.03067208940277219,0.9714222222222223,0.005936453611499234,0.006717729657636385,0.990901914139729,0.002034065614238848,0.0023017619266631146,0.2639924534313396,0.010426603762755154,0.011798812878754096,0.14675776252320558,0.009638412476344138,0.010906890474044754,0.045890068001357365,0.003934951277733656,0.0044528165517172735,0.9144444444444444,0.024113927126900758,0.027287477343152934
spider_target_minority,vit,menon_logit_adjusted,calibrated_cost_min,,3,black_widow,0.95,0.75,balanced_accuracy,"[[0.0,10.0],[1.0,0.0]]","{""0"":0.25,""1"":0.75}",1.0,True,True,"[[148,2],[98,352]]",0.019666666666666666,0.003685557397915996,0.00417060080936921,0.019666666666666666,0.003685557397915996,0.00417060080936921,0.19666666666666666,0.03685557397915997,0.041706008093692105,0.9866666666666667,0.023094010767585053,0.02613333333333336,0.013333333333333334,0.023094010767585032,0.02613333333333334,0.6060988193540638,0.05784481255791839,0.06545756747901375,0.21777777777777776,0.057477854028344745,0.06504231481158544,0.8333333333333334,0.03883726732577012,0.04394850522044076,0.8844444444444445,0.021169509870286318,0.0239555555555556,0.8120944463444669,0.03688041819987586,0.041734121976027626,0.9714222222222223,0.005936453611499234,0.006717729657636385,0.990901914139729,0.002034065614238848,0.0023017619266631146,0.2639924534313396,0.010426603762755154,0.011798812878754096,0.14675776252320558,0.009638412476344138,0.010906890474044754,0.045890068001357365,0.003934951277733656,0.0044528165517172735,0.8844444444444445,0.021169509870286318,0.0239555555555556
spider_target_minority,vit,nicme_logit_adjustment,calibrated_threshold,,3,black_widow,0.95,0.75,balanced_accuracy,"[[0.0,10.0],[1.0,0.0]]","{""0"":0.25,""1"":0.75}",1.0,True,True,"[[148,2],[112,338]]",0.022000000000000002,0.005894913061275797,0.006670722099842963,0.022000000000000002,0.005894913061275797,0.006670722099842963,0.21999999999999997,0.058949130612757965,0.06670722099842964,0.9866666666666667,0.011547005383792526,0.01306666666666668,0.013333333333333334,0.011547005383792516,0.01306666666666667,0.577033364276515,0.0838812977287265,0.09492062405436456,0.2488888888888889,0.0795356896363257,0.09000310557056172,0.81,0.05894913061275797,0.06670722099842964,0.8688888888888888,0.03863408589047491,0.043718583781971194,0.7899450764188151,0.05744620160468299,0.06500649672235506,0.9677777777777777,0.01126673241269441,0.012749507943058935,0.9892828714073648,0.004444368467038466,0.0050292763684121845,0.24130612008549168,0.03858426448487804,0.043662205554182994,0.14771188273522234,0.03172227224023672,0.03589713033772624,0.055138562771865456,0.020542499719067225,0.023246026775557295,0.8688888888888888,0.03863408589047491,0.043718583781971194
spider_target_minority,vit,nicme_hybrid,calibrated_threshold,,3,black_widow,0.95,0.75,balanced_accuracy,"[[0.0,10.0],[1.0,0.0]]","{""0"":0.25,""1"":0.75}",1.0,True,True,"[[149,1],[128,322]]",0.023000000000000003,0.006614378277661479,0.007484873635094542,0.023000000000000003,0.006614378277661479,0.007484873635094542,0.23,0.06614378277661477,0.0748487363509454,0.9933333333333333,0.011547005383792526,0.01306666666666668,0.006666666666666667,0.011547005383792516,0.01306666666666667,0.5444755027564252,0.07279292367419812,0.08237294759366041,0.28444444444444444,0.08388704928078612,0.09492713254821913,0.785,0.06264982043070834,0.0708949457530883,0.8544444444444445,0.04167777629669125,0.04716284371367461,0.766349354284015,0.05920253796227463,0.06699397840928746,0.9637333333333333,0.007181457605064088,0.008126584303656967,0.9880775185109899,0.002664055067331319,0.0030146621041090586,0.30963436210467427,0.11848836830917084,0.13408221102471304,0.19190922144543152,0.07116113778708366,0.08052640803213709,0.0996652283551704,0.08285631847255842,0.09376075083741821,0.8544444444444445,0.04167777629669125,0.04716284371367461
spider_target_minority,vit,nicme_logit_adjustment,argmax,,3,black_widow,0.95,0.75,balanced_accuracy,"[[0.0,10.0],[1.0,0.0]]","{""0"":0.25,""1"":0.75}",0.3333333333333333,False,True,"[[142,8],[55,395]]",0.023833333333333328,0.011740670054700161,0.013285818872433524,0.022500000000000003,0.009836157786453002,0.011130660357768536,0.225,0.09836157786453001,0.11130660357768536,0.9466666666666667,0.030550504633038912,0.034571150464577295,0.05333333333333334,0.030550504633038933,0.034571150464577316,0.7259744336015522,0.0801370560131903,0.0906836156881079,0.12222222222222223,0.047297325897317256,0.05352196272398053,0.895,0.039686269665968894,0.044909241810567276,0.9122222222222222,0.03371997978998561,0.03815774924128119,0.8730784875760143,0.04390845594206979,0.04968709536139544,0.9677777777777777,0.01126673241269441,0.012749507943058935,0.9892828714073648,0.004444368467038466,0.0050292763684121845,0.30644189807089356,0.050289929905349647,0.056908412954026814,0.17459967897457,0.035426977392399035,0.04008939887078968,0.11821577847003938,0.03309846886691432,0.03745444342375177,0.9122222222222222,0.03371997978998561,0.03815774924128119
spider_target_minority,vit,nicme_logit_adjustment,calibrated_cost_min,,3,black_widow,0.95,0.75,balanced_accuracy,"[[0.0,10.0],[1.0,0.0]]","{""0"":0.25,""1"":0.75}",1.0,True,True,"[[149,1],[148,302]]",0.026333333333333334,0.005686240703077327,0.006434587097173455,0.026333333333333334,0.005686240703077327,0.006434587097173455,0.26333333333333336,0.05686240703077327,0.06434587097173455,0.9933333333333333,0.011547005383792526,0.01306666666666668,0.006666666666666667,0.011547005383792516,0.01306666666666667,0.5041340612048626,0.04503727219803141,0.05096447120511577,0.3288888888888889,0.055511093319096885,0.06281671555475041,0.7516666666666666,0.04252450274057695,0.048121004884677084,0.8322222222222222,0.02987628813277502,0.033808202671855185,0.7346853702729926,0.03991209850143242,0.04516479119490075,0.9677777777777777,0.01126673241269441,0.012749507943058935,0.9892828714073648,0.004444368467038466,0.0050292763684121845,0.24130612008549168,0.03858426448487804,0.043662205554182994,0.14771188273522234,0.03172227224023672,0.03589713033772624,0.055138562771865456,0.020542499719067225,0.023246026775557295,0.8322222222222222,0.02987628813277502,0.033808202671855185
spider_target_minority,vit,ce,calibrated_cost_min,,3,black_widow,0.95,0.75,balanced_accuracy,"[[0.0,10.0],[1.0,0.0]]","{""0"":0.25,""1"":0.75}",0.3333333333333333,False,True,"[[142,8],[72,378]]",0.026666666666666658,0.00767419919817913,0.00868417390685172,0.025333333333333333,0.006350852961085883,0.007186666666666667,0.25333333333333335,0.06350852961085883,0.07186666666666666,0.9466666666666667,0.030550504633038912,0.034571150464577295,0.05333333333333334,0.030550504633038933,0.034571150464577316,0.66625,0.047381064548802365,0.053616721928614476,0.16,0.03527668414752788,0.03991932605383755,0.8666666666666667,0.022546248764114492,0.025513482274628428,0.8933333333333334,0.014529663145135558,0.016441861659034055,0.8425308960045802,0.022707797080789273,0.025696291404302286,0.9647111111111112,0.003258720494190788,0.003687589382888211,0.9877904565538017,0.0006824071629599942,0.0007722164000944878,0.2457059902475693,0.03753084852219106,0.042470153174516065,0.14941368105293804,0.02462386143574855,0.02786452233569824,0.051295456683386365,0.01373920436851321,0.015547373347600273,0.8933333333333334,0.014529663145135558,0.016441861659034055
spider_target_minority,vit,ce_calibrated_cost_min,calibrated_threshold,,3,black_widow,0.95,0.75,balanced_accuracy,"[[0.0,10.0],[1.0,0.0]]","{""0"":0.25,""1"":0.75}",0.6666666666666666,False,True,"[[146,4],[116,334]]",0.02719999999999999,0.010332956982393749,0.011692841570807315,0.025999999999999995,0.008261355820929153,0.009348604173886067,0.26,0.08261355820929152,0.09348604173886067,0.9733333333333333,0.046188021535170036,0.05226666666666664,0.02666666666666667,0.046188021535170064,0.05226666666666668,0.5595893468233893,0.0339006820860948,0.038362233139112766,0.2577777777777778,0.04537906190369364,0.05135124266711363,0.7999999999999999,0.02291287847477916,0.025928362848432945,0.8577777777777778,0.005091750772173152,0.005761858410762882,0.778282077485514,0.01857031986611548,0.02101429518033289,0.9553333333333334,0.015383685441979655,0.017408278864868745,0.9843144699411303,0.007049520804828256,0.007977283759277904,0.2544544190758231,0.05476224843863636,0.0619693177998527,0.1570839853786014,0.03681923583632487,0.04166488761405862,0.03810766335970836,0.007875815980090592,0.008912324773338788,0.8577777777777778,0.005091750772173152,0.005761858410762882
spider_target_minority,vit,cs_regularized_ce,calibrated_cost_min,,3,black_widow,0.95,0.75,balanced_accuracy,"[[0.0,10.0],[1.0,0.0]]","{""0"":0.25,""1"":0.75}",0.6666666666666666,False,True,"[[144,6],[90,360]]",0.02833333333333332,0.017214335111567128,0.019479853980744068,0.024999999999999998,0.011532562594670795,0.01305032311221961,0.25,0.11532562594670796,0.1305032311221961,0.96,0.052915026221291794,0.0598789890807563,0.04,0.052915026221291815,0.05987898908075632,0.6224739742804654,0.07398469711680898,0.08372156620075308,0.20000000000000004,0.07055336829505576,0.0798386521076751,0.84,0.04769696007084727,0.053974191363403784,0.88,0.03179797338056491,0.035982794242269266,0.816934212600991,0.04651415266623945,0.05263571878344216,0.9553333333333334,0.015550919944206227,0.01759752251923022,0.9848143834151845,0.00650742901550457,0.007363849151914533,0.2695572545473553,0.0391352117825017,0.04428566111254392,0.1707592782347315,0.027459137232681733,0.0310729389350872,0.0634783040870485,0.008777714426362413,0.009932918942382801,0.88,0.03179797338056491,0.035982794242269266
spider_target_minority,vit,ce_calibrated_cost_min,calibrated_cost_min,,3,black_widow,0.95,0.75,balanced_accuracy,"[[0.0,10.0],[1.0,0.0]]","{""0"":0.25,""1"":0.75}",0.3333333333333333,False,True,"[[143,7],[101,349]]",0.028766666666666663,0.010464384039843594,0.011841565286922352,0.028499999999999998,0.010259142264341596,0.011609312354025684,0.285,0.10259142264341596,0.11609312354025685,0.9533333333333333,0.023094010767585053,0.02613333333333336,0.04666666666666666,0.02309401076758503,0.026133333333333335,0.5933333333333334,0.08192137151629672,0.09270275875874182,0.22444444444444445,0.07726817178094983,0.0874371675639424,0.82,0.061441028637222526,0.06952706906905634,0.8644444444444445,0.04622809791714387,0.05231201736211129,0.7970926978114478,0.06033430368040623,0.06827469188365229,0.9553333333333334,0.015383685441979655,0.017408278864868745,0.9843144699411303,0.007049520804828256,0.007977283759277904,0.2544544190758231,0.05476224843863636,0.0619693177998527,0.1570839853786014,0.03681923583632487,0.04166488761405862,0.03810766335970836,0.007875815980090592,0.008912324773338788,0.8644444444444445,0.04622809791714387,0.05231201736211129
spider_target_minority,timm_dinov3_vit_lora,nicme_logit_adjustment,calibrated_threshold,,3,black_widow,0.95,0.75,balanced_accuracy,"[[0.0,10.0],[1.0,0.0]]","{""0"":0.25,""1"":0.75}",0.6666666666666666,False,True,"[[150,0],[177,273]]",0.029514814814814817,0.007883568889545773,0.008921098016286254,0.0295,0.007858116822750855,0.008892296291359918,0.295,0.07858116822750856,0.08892296291359918,1.0,0.0,0.0,0.0,0.0,0.0,0.4647003158218668,0.062295905362660074,0.07049445315186476,0.3933333333333333,0.10477489097001139,0.11856395055146554,0.7050000000000001,0.07858116822750856,0.08892296291359918,0.8033333333333333,0.05238744548500569,0.05928197527573277,0.6921828457130922,0.07190772874262867,0.08137125523088766,0.9742222222222222,0.002466966948689392,0.002791635902539151,0.9914372813496275,0.0007930019544703995,0.0008973661880875138,0.25020257943218643,0.011286768986478056,0.012772181460743482,0.13641438587703555,0.007763169765830939,0.008784853581971824,0.10939473786370146,0.00895614723007276,0.010134834667801483,0.8033333333333333,0.05238744548500569,0.05928197527573277
spider_target_minority,vit,cs_regularized_ce,calibrated_threshold,,3,black_widow,0.95,0.75,balanced_accuracy,"[[0.0,10.0],[1.0,0.0]]","{""0"":0.25,""1"":0.75}",0.6666666666666666,False,True,"[[145,5],[110,340]]",0.02999999999999999,0.01597654530867044,0.01807916295997502,0.02666666666666667,0.010420332688227058,0.011791716489882963,0.26666666666666666,0.10420332688227059,0.11791716489882965,0.9666666666666667,0.05773502691896256,0.06533333333333331,0.03333333333333333,0.05773502691896258,0.06533333333333334,0.5756962053565202,0.06528561106367646,0.07387762363877272,0.24444444444444446,0.07726817178094982,0.08743716756394239,0.8083333333333332,0.047258156262526066,0.053477638109566655,0.861111111111111,0.02341256389522829,0.02649381013196556,0.7862129378192364,0.04221693547722048,0.047772959761783244,0.9553333333333334,0.015550919944206227,0.01759752251923022,0.9848143834151845,0.00650742901550457,0.007363849151914533,0.2695572545473553,0.0391352117825017,0.04428566111254392,0.1707592782347315,0.027459137232681733,0.0310729389350872,0.0634783040870485,0.008777714426362413,0.009932918942382801,0.861111111111111,0.02341256389522829,0.02649381013196556
spider_target_minority,vit,ce,calibrated_threshold,,3,black_widow,0.95,0.75,balanced_accuracy,"[[0.0,10.0],[1.0,0.0]]","{""0"":0.25,""1"":0.75}",0.6666666666666666,False,True,"[[141,9],[74,376]]",0.030666666666666658,0.015184970639857454,0.0171834118976542,0.027333333333333334,0.009776672917374976,0.011063346891625718,0.2733333333333334,0.09776672917374976,0.1106334689162572,0.94,0.03464101615137751,0.03919999999999996,0.06,0.034641016151377546,0.0392,0.6618165784832452,0.08039818484347531,0.09097911077700602,0.16444444444444445,0.05669933698743588,0.06416133984623605,0.8616666666666667,0.04368447474027056,0.04943363677137713,0.8877777777777777,0.033719979789985574,0.038157749241281146,0.8374563743992204,0.046246052143729094,0.05233233448211335,0.9647111111111112,0.003258720494190788,0.003687589382888211,0.9877904565538017,0.0006824071629599942,0.0007722164000944878,0.2457059902475693,0.03753084852219106,0.042470153174516065,0.14941368105293804,0.02462386143574855,0.02786452233569824,0.051295456683386365,0.01373920436851321,0.015547373347600273,0.8877777777777777,0.033719979789985574,0.038157749241281146
spider_target_minority,vit,nicme_hybrid,argmax,,3,black_widow,0.95,0.75,balanced_accuracy,"[[0.0,10.0],[1.0,0.0]]","{""0"":0.25,""1"":0.75}",0.0,False,False,"[[138,12],[58,392]]",0.03433333333333332,0.008077334543853752,0.00914036449552811,0.029666666666666664,0.0036170890690351166,0.004093121601472944,0.2966666666666667,0.036170890690351176,0.040931216014729446,0.9199999999999999,0.019999999999999962,0.022632130552233287,0.08,0.020000000000000004,0.022632130552233336,0.7068516672205605,0.04990444713981808,0.0564721981402695,0.1288888888888889,0.03150543750835072,0.03565175873971111,0.8833333333333333,0.020207259421636918,0.022866666666666684,0.8955555555555555,0.010715167512214388,0.012125353501274264,0.8581539330220292,0.020946586422043795,0.02370329392636666,0.9637333333333333,0.007181457605064088,0.008126584303656967,0.9880775185109899,0.002664055067331319,0.0030146621041090586,0.36082502801288197,0.16410541424104705,0.18570275797158536,0.22493239980370003,0.11590453763683264,0.1311583313696519,0.139418588578701,0.11629098137224289,0.13159563362319676,0.8955555555555555,0.010715167512214388,0.012125353501274264
spider_target_minority,timm_dinov3_vit_lora,nicme_logit_adjustment,calibrated_cost_min,,3,black_widow,0.95,0.75,balanced_accuracy,"[[0.0,10.0],[1.0,0.0]]","{""0"":0.25,""1"":0.75}",0.0,False,False,"[[150,0],[252,198]]",0.04318888888888889,0.004187989882898384,0.004739156689059431,0.042,0.003122498999199198,0.003533440249954708,0.42,0.031224989991991987,0.03533440249954709,1.0,0.0,0.0,0.0,0.0,0.0,0.3736866921469772,0.017780983743974417,0.020121077272038383,0.56,0.04163331998932269,0.04711253666606283,0.58,0.031224989991991973,0.03533440249954708,0.7200000000000001,0.020816659994661344,0.023556268333031417,0.577124183758113,0.029212900077996592,0.0330575084187283,0.9742222222222222,0.002466966948689392,0.002791635902539151,0.9914372813496275,0.0007930019544703995,0.0008973661880875138,0.25020257943218643,0.011286768986478056,0.012772181460743482,0.13641438587703555,0.007763169765830939,0.008784853581971824,0.10939473786370146,0.00895614723007276,0.010134834667801483,0.7200000000000001,0.020816659994661344,0.023556268333031417
spider_target_minority,vit,menon_logit_adjusted,argmax,,3,black_widow,0.95,0.75,balanced_accuracy,"[[0.0,10.0],[1.0,0.0]]","{""0"":0.25,""1"":0.75}",0.0,False,False,"[[135,15],[41,409]]",0.045033333333333314,0.024153950677546176,0.027332768254321488,0.03183333333333333,0.007571877794400365,0.008568386338421281,0.31833333333333336,0.07571877794400367,0.08568386338421283,0.9,0.034641016151377574,0.03920000000000003,0.10000000000000002,0.03464101615137755,0.039200000000000006,0.7687053478013931,0.03440297121625708,0.038930626797552784,0.0911111111111111,0.020367003088692617,0.02304743364305154,0.9066666666666667,0.010408329997330672,0.011778134166515708,0.9044444444444445,0.011706281947614203,0.013246905065982846,0.8821197132836333,0.01118665686303952,0.01265889392836737,0.9714222222222223,0.005936453611499234,0.006717729657636385,0.990901914139729,0.002034065614238848,0.0023017619266631146,0.26068546147692223,0.006494199514334674,0.007348878562033631,0.14553721229501462,0.008477255197418425,0.009592917317628616,0.037888317207495366,0.006772437160028554,0.007663734098128128,0.9044444444444445,0.011706281947614203,0.013246905065982846
spider_target_minority,timm_dinov3_vit_lora,nicme_hybrid,calibrated_threshold,,3,black_widow,0.95,0.75,balanced_accuracy,"[[0.0,10.0],[1.0,0.0]]","{""0"":0.25,""1"":0.75}",0.0,False,False,"[[144,6],[246,204]]",0.05306296296296296,0.005669501832507564,0.006415645281971865,0.05100000000000001,0.0047696960070847325,0.005397419136340385,0.51,0.0476969600708473,0.05397419136340382,0.96,0.020000000000000018,0.02263213055223335,0.04,0.02,0.022632130552233332,0.3692151717557252,0.0042013694415460575,0.004754297084961701,0.5466666666666667,0.006666666666666654,0.007544043517411096,0.58,0.0050000000000000044,0.005658032638058337,0.7066666666666667,0.008819171036881984,0.009979831513459403,0.5757352376684546,0.0051027003590497794,0.005774249034747125,0.8882666666666666,0.0024037008503092925,0.002720043572635709,0.9555570045308924,0.0009216546451084533,0.0010429504126083396,0.6666869766974931,0.00043315043427582373,0.0004901558588643502,0.4735731322674123,0.000432057373227731,0.0004889189438472505,0.29525758417477294,0.007474716478703079,0.008458437959346895,0.7066666666666667,0.008819171036881984,0.009979831513459403
spider_target_minority,vit,nicme_hybrid,calibrated_cost_min,,3,black_widow,0.95,0.75,balanced_accuracy,"[[0.0,10.0],[1.0,0.0]]","{""0"":0.25,""1"":0.75}",0.6666666666666666,False,True,"[[150,0],[234,216]]",0.05873703703703703,0.0647749240207428,0.0732997268474223,0.039,0.03089902911096075,0.0349655430388261,0.38999999999999996,0.3089902911096075,0.34965543038826097,1.0,0.0,0.0,0.0,0.0,0.0,0.4486665597776709,0.18393042554040032,0.20813687016790858,0.52,0.41198705481281006,0.46620724051768136,0.61,0.3089902911096075,0.34965543038826097,0.7400000000000001,0.205993527406405,0.23310362025884063,0.5830550388779553,0.32397250156415863,0.36660939753668276,0.9637333333333333,0.007181457605064088,0.008126584303656967,0.9880775185109899,0.002664055067331319,0.0030146621041090586,0.30963436210467427,0.11848836830917084,0.13408221102471304,0.19190922144543152,0.07116113778708366,0.08052640803213709,0.0996652283551704,0.08285631847255842,0.09376075083741821,0.7400000000000001,0.205993527406405,0.23310362025884063
spider_target_minority,timm_dinov3_vit_lora,menon_logit_adjusted,calibrated_threshold,,3,black_widow,0.95,0.75,balanced_accuracy,"[[0.0,10.0],[1.0,0.0]]","{""0"":0.25,""1"":0.75}",0.0,False,False,"[[146,4],[287,163]]",0.06178148148148149,0.006332361848817717,0.007165742003321211,0.054500000000000014,0.002179449471770339,0.002466279248855114,0.545,0.021794494717703387,0.02466279248855114,0.9733333333333333,0.011547005383792526,0.01306666666666668,0.02666666666666667,0.011547005383792516,0.01306666666666667,0.33826878052043613,0.02199558436398925,0.02489034684492334,0.6377777777777779,0.06743995957997118,0.07631549848256232,0.515,0.04769696007084726,0.05397419136340378,0.6677777777777778,0.027954990278686913,0.03163404947868279,0.5138252273307874,0.04567660203493818,0.05168794102185638,0.8466666666666667,0.07205528741490409,0.08153823358764023,0.9406660198696722,0.027218289166889707,0.0308003936916743,0.5569297941194805,0.17186449533051837,0.19448298478069936,0.38267733574589785,0.1394461827309049,0.1577982106288212,0.13603679441590202,0.041669256957684135,0.04715320317404322,0.6677777777777778,0.027954990278686913,0.03163404947868279
spider_target_minority,vit,ce_calibrated_cost_min,argmax,,3,black_widow,0.95,0.75,balanced_accuracy,"[[0.0,10.0],[1.0,0.0]]","{""0"":0.25,""1"":0.75}",0.0,False,False,"[[129,21],[45,405]]",0.07809999999999999,0.027809530740377487,0.03146944651562847,0.0425,0.005678908345800275,0.006426289753815962,0.425,0.05678908345800276,0.06426289753815963,0.86,0.034641016151377574,0.03920000000000003,0.14,0.034641016151377546,0.0392,0.7476568207911493,0.06941862222899269,0.07855456605213645,0.09999999999999999,0.041633319989322654,0.04711253666606279,0.89,0.02291287847477922,0.02592836284843301,0.88,0.005773502691896263,0.00653333333333334,0.8609607825549537,0.022524157619154366,0.025488483790789135,0.9553333333333334,0.015383685441979655,0.017408278864868745,0.9843144699411303,0.007049520804828256,0.007977283759277904,0.258928607835122,0.053771963987001965,0.06084870545019088,0.15588831079619989,0.036168549082093916,0.04092856623554043,0.0619987646738688,0.018088349434411333,0.02046889429370066,0.88,0.005773502691896263,0.00653333333333334
spider_target_minority,timm_dinov3_vit_lora,ce,calibrated_threshold,,3,black_widow,0.95,0.75,balanced_accuracy,"[[0.0,10.0],[1.0,0.0]]","{""0"":0.25,""1"":0.75}",0.0,False,False,"[[143,7],[319,131]]",0.08148888888888889,0.00812139378660073,0.009190222222222216,0.06483333333333334,0.00548482755730145,0.006206666666666673,0.6483333333333333,0.0548482755730145,0.06206666666666673,0.9533333333333333,0.023094010767585053,0.02613333333333336,0.04666666666666666,0.02309401076758503,0.026133333333333335,0.3094938830232948,0.003991234892587897,0.004516507457683912,0.708888888888889,0.00384900179459753,0.004355555555555584,0.4566666666666667,0.0028867513459481316,0.00326666666666667,0.6222222222222222,0.009622504486493728,0.010888888888888849,0.4564227523374389,0.002676719864428865,0.0030289936711755186,0.7011555555555556,0.0009075812380738788,0.0010270248533422793,0.8777240962173178,0.0004695544790581914,0.0005313509135715449,0.6295681288571031,8.797007019951126e-05,9.954750567222348e-05,0.43684868368470514,8.591416517647619e-05,9.72210301280074e-05,0.18361056199117431,0.00014949332214070886,0.00016916761916877982,0.6222222222222222,0.009622504486493728,0.010888888888888849
spider_target_minority,timm_dinov3_vit_lora,ce_calibrated_cost_min,calibrated_threshold,,3,black_widow,0.95,0.75,balanced_accuracy,"[[0.0,10.0],[1.0,0.0]]","{""0"":0.25,""1"":0.75}",0.0,False,False,"[[143,7],[319,131]]",0.08148888888888889,0.00812139378660073,0.009190222222222216,0.06483333333333334,0.00548482755730145,0.006206666666666673,0.6483333333333333,0.0548482755730145,0.06206666666666673,0.9533333333333333,0.023094010767585053,0.02613333333333336,0.04666666666666666,0.02309401076758503,0.026133333333333335,0.3094938830232948,0.003991234892587897,0.004516507457683912,0.708888888888889,0.00384900179459753,0.004355555555555584,0.4566666666666667,0.0028867513459481316,0.00326666666666667,0.6222222222222222,0.009622504486493728,0.010888888888888849,0.4564227523374389,0.002676719864428865,0.0030289936711755186,0.7011555555555556,0.0009075812380738788,0.0010270248533422793,0.8777240962173178,0.0004695544790581914,0.0005313509135715449,0.6295681288571031,8.797007019951126e-05,9.954750567222348e-05,0.43684868368470514,8.591416517647619e-05,9.72210301280074e-05,0.18361056199117431,0.00014949332214070886,0.00016916761916877982,0.6222222222222222,0.009622504486493728,0.010888888888888849
spider_target_minority,timm_dinov3_vit_lora,cs_regularized_ce,calibrated_threshold,,3,black_widow,0.95,0.75,balanced_accuracy,"[[0.0,10.0],[1.0,0.0]]","{""0"":0.25,""1"":0.75}",0.0,False,False,"[[141,9],[314,136]]",0.08529629629629627,0.006688153644837607,0.007568358322167996,0.06733333333333334,0.0040414518843273775,0.00457333333333333,0.6733333333333333,0.04041451884327379,0.04573333333333331,0.94,0.019999999999999962,0.022632130552233287,0.06,0.02,0.022632130552233332,0.30989622166092756,0.002384761219492085,0.0026986113627724016,0.6977777777777777,0.015396007178389992,0.01742222222222219,0.46166666666666667,0.00763762615825971,0.008642787616144303,0.6211111111111111,0.005091750772173164,0.005761858410762896,0.4615360852226873,0.007686100867548779,0.008697641913599891,0.7028,0.0005333333333333301,0.0006035234813928851,0.878562802188198,0.00043161161673468647,0.000488414522889996,0.6296317674857322,8.799020836463444e-05,9.9570294151331e-05,0.43691061325732394,8.593842882274283e-05,9.724848702850639e-05,0.18380852472028708,0.0001493603779133069,0.00016901717861324346,0.6211111111111111,0.005091750772173164,0.005761858410762896
spider_target_minority,vit,cs_regularized_ce,argmax,,3,black_widow,0.95,0.75,balanced_accuracy,"[[0.0,10.0],[1.0,0.0]]","{""0"":0.25,""1"":0.75}",0.3333333333333333,False,True,"[[130,20],[52,398]]",0.0881333333333333,0.06266620567206321,0.07091348739916198,0.042,0.01769180601295413,0.02002016316949823,0.42,0.1769180601295413,0.20020163169498228,0.8666666666666667,0.08326663997864528,0.09422507333212556,0.13333333333333333,0.08326663997864531,0.09422507333212558,0.7235422235422235,0.079924862171985,0.09044349575228097,0.11555555555555556,0.05388602512436507,0.060977777777777784,0.88,0.02645751311064593,0.02993949454037818,0.8755555555555556,0.025239592648001213,0.028561287794737603,0.8503587678680234,0.027072226993594045,0.030635108782935783,0.9553333333333334,0.015550919944206288,0.017597522519230288,0.9848143834151846,0.006507429015504384,0.007363849151914322,0.2726175268938448,0.03995749731399359,0.04521616478754078,0.16754227819564438,0.02648830067314184,0.02997433394706781,0.06551370273033777,0.01713842066682712,0.01939394869953626,0.8755555555555556,0.025239592648001213,0.028561287794737603
spider_target_minority,timm_dinov3_vit_lora,menon_logit_adjusted,calibrated_cost_min,,3,black_widow,0.95,0.75,balanced_accuracy,"[[0.0,10.0],[1.0,0.0]]","{""0"":0.25,""1"":0.75}",0.0,False,False,"[[150,0],[397,53]]",0.10962592592592595,0.048279312510234706,0.05463318518518519,0.06616666666666667,0.01529978213352508,0.01731333333333333,0.6616666666666666,0.15299782133525083,0.17313333333333336,1.0,0.0,0.0,0.0,0.0,0.0,0.2800453514739229,0.052040075284098916,0.058888888888888886,0.8822222222222221,0.20399709511366781,0.2308444444444445,0.3383333333333334,0.15299782133525083,0.17313333333333336,0.5588888888888889,0.10199854755683387,0.1154222222222222,0.3049636168137831,0.1818023172676632,0.20572868895501487,0.8466666666666667,0.07205528741490409,0.08153823358764023,0.9406660198696722,0.027218289166889707,0.0308003936916743,0.5569297941194805,0.17186449533051837,0.19448298478069936,0.38267733574589785,0.1394461827309049,0.1577982106288212,0.13603679441590202,0.041669256957684135,0.04715320317404322,0.5588888888888889,0.10199854755683387,0.1154222222222222
spider_target_minority,vit,ce,argmax,,3,black_widow,0.95,0.75,balanced_accuracy,"[[0.0,10.0],[1.0,0.0]]","{""0"":0.25,""1"":0.75}",0.3333333333333333,False,True,"[[128,22],[39,411]]",0.11276666666666664,0.11797501147841999,0.13350129308404135,0.043166666666666666,0.02525041253788408,0.02857353165275709,0.43166666666666664,0.25250412537884076,0.2857353165275709,0.8533333333333334,0.11015141094572203,0.12464805565181424,0.14666666666666667,0.11015141094572205,0.12464805565181425,0.7732408834103749,0.059552128817677116,0.06738957770325427,0.08666666666666667,0.034641016151377546,0.0392,0.8983333333333334,0.012583057392117927,0.01423906988223288,0.8833333333333333,0.04041451884327378,0.045733333333333306,0.8684992984417713,0.018501603753213126,0.02093653557842048,0.9647111111111112,0.003258720494190788,0.003687589382888211,0.9877904565538017,0.0006824071629601417,0.0007722164000946545,0.25670723750853547,0.027947937450720772,0.03162606845251819,0.15334903177003148,0.02162988562947304,0.024476519769805475,0.05882993410031001,0.014017320449340044,0.015862091320097693,0.8833333333333333,0.04041451884327378,0.045733333333333306
spider_target_minority,timm_dinov3_vit_lora,nicme_logit_adjustment,argmax,,3,black_widow,0.95,0.75,balanced_accuracy,"[[0.0,10.0],[1.0,0.0]]","{""0"":0.25,""1"":0.75}",0.0,False,False,"[[122,28],[19,431]]",0.12489999999999997,0.016139082997493944,0.018263091669630607,0.04983333333333334,0.0033291640592396994,0.0037673037809257967,0.49833333333333335,0.033291640592397,0.03767303780925797,0.8133333333333334,0.011547005383792462,0.013066666666666607,0.18666666666666668,0.011547005383792526,0.01306666666666668,0.8663032115919654,0.039460637709848714,0.04465391521618389,0.042222222222222223,0.01387777332977422,0.0157041788886876,0.9216666666666667,0.011547005383792526,0.01306666666666668,0.8855555555555555,0.010183501544346328,0.011523716821525792,0.8934960040607608,0.014546091321111456,0.016460451890205133,0.9742222222222222,0.002466966948689392,0.002791635902539151,0.9914372813496275,0.0007930019544703995,0.0008973661880875138,0.3803952626715579,0.010464473116947754,0.011841666087154881,0.21495161060224324,0.00835244498860277,0.009451681270620247,0.21940879066785177,0.0036563870713572726,0.004137591477422794,0.8855555555555555,0.010183501544346328,0.011523716821525792
spider_target_minority,timm_dinov3_vit_lora,ce,calibrated_cost_min,,3,black_widow,0.95,0.75,balanced_accuracy,"[[0.0,10.0],[1.0,0.0]]","{""0"":0.25,""1"":0.75}",0.0,False,False,"[[150,0],[450,0]]",0.1375,0.0,0.0,0.075,0.0,0.0,0.75,0.0,0.0,1.0,0.0,0.0,0.0,0.0,0.0,0.25,0.0,0.0,1.0,0.0,0.0,0.25,0.0,0.0,0.5,0.0,0.0,0.20000000000000004,0.0,0.0,0.7011555555555556,0.0009075812380738788,0.0010270248533422793,0.8777240962173178,0.0004695544790581914,0.0005313509135715449,0.6295681288571031,8.797007019951126e-05,9.954750567222348e-05,0.43684868368470514,8.591416517647619e-05,9.72210301280074e-05,0.18361056199117431,0.00014949332214070886,0.00016916761916877982,0.5,0.0,0.0
spider_target_minority,timm_dinov3_vit_lora,ce_calibrated_cost_min,calibrated_cost_min,,3,black_widow,0.95,0.75,balanced_accuracy,"[[0.0,10.0],[1.0,0.0]]","{""0"":0.25,""1"":0.75}",0.0,False,False,"[[150,0],[450,0]]",0.1375,0.0,0.0,0.075,0.0,0.0,0.75,0.0,0.0,1.0,0.0,0.0,0.0,0.0,0.0,0.25,0.0,0.0,1.0,0.0,0.0,0.25,0.0,0.0,0.5,0.0,0.0,0.20000000000000004,0.0,0.0,0.7011555555555556,0.0009075812380738788,0.0010270248533422793,0.8777240962173178,0.0004695544790581914,0.0005313509135715449,0.6295681288571031,8.797007019951126e-05,9.954750567222348e-05,0.43684868368470514,8.591416517647619e-05,9.72210301280074e-05,0.18361056199117431,0.00014949332214070886,0.00016916761916877982,0.5,0.0,0.0
spider_target_minority,timm_dinov3_vit_lora,cs_regularized_ce,calibrated_cost_min,,3,black_widow,0.95,0.75,balanced_accuracy,"[[0.0,10.0],[1.0,0.0]]","{""0"":0.25,""1"":0.75}",0.0,False,False,"[[150,0],[450,0]]",0.1375,0.0,0.0,0.075,0.0,0.0,0.75,0.0,0.0,1.0,0.0,0.0,0.0,0.0,0.0,0.25,0.0,0.0,1.0,0.0,0.0,0.25,0.0,0.0,0.5,0.0,0.0,0.20000000000000004,0.0,0.0,0.7028,0.0005333333333333301,0.0006035234813928851,0.878562802188198,0.00043161161673468647,0.000488414522889996,0.6296317674857322,8.799020836463444e-05,9.9570294151331e-05,0.43691061325732394,8.593842882274283e-05,9.724848702850639e-05,0.18380852472028708,0.0001493603779133069,0.00016901717861324346,0.5,0.0,0.0
spider_target_minority,timm_dinov3_vit_lora,nicme_hybrid,calibrated_cost_min,,3,black_widow,0.95,0.75,balanced_accuracy,"[[0.0,10.0],[1.0,0.0]]","{""0"":0.25,""1"":0.75}",0.0,False,False,"[[150,0],[450,0]]",0.1375,0.0,0.0,0.075,0.0,0.0,0.75,0.0,0.0,1.0,0.0,0.0,0.0,0.0,0.0,0.25,0.0,0.0,1.0,0.0,0.0,0.25,0.0,0.0,0.5,0.0,0.0,0.20000000000000004,0.0,0.0,0.8882666666666666,0.0024037008503092925,0.002720043572635709,0.9555570045308924,0.0009216546451084533,0.0010429504126083396,0.6666869766974931,0.00043315043427582373,0.0004901558588643502,0.4735731322674123,0.000432057373227731,0.0004889189438472505,0.29525758417477294,0.007474716478703079,0.008458437959346895,0.5,0.0,0.0
spider_target_minority,timm_dinov3_vit_lora,nicme_hybrid,argmax,,3,black_widow,0.95,0.75,balanced_accuracy,"[[0.0,10.0],[1.0,0.0]]","{""0"":0.25,""1"":0.75}",0.0,False,False,"[[118,32],[81,369]]",0.17389999999999992,0.016808331267558946,0.01902041738062898,0.06683333333333334,0.0020816659994661348,0.0023556268333031418,0.6683333333333333,0.020816659994661344,0.023556268333031417,0.7866666666666667,0.011547005383792526,0.01306666666666668,0.21333333333333335,0.011547005383792509,0.01306666666666666,0.5933314119455424,0.014980041255627302,0.01695151246875992,0.18000000000000002,0.013333333333333336,0.015088087034822223,0.8116666666666666,0.0076376261582596795,0.008642787616144268,0.8033333333333333,0.0033333333333332993,0.0037720217587055168,0.7717377081032567,0.00656165495083352,0.00742521157429862,0.8882888888888889,0.002413235111567776,0.002730832604911764,0.9555570045308927,0.0009216546451085147,0.0010429504126084092,0.6797027808149609,0.00022160137769810362,0.0002507655655309124,0.4865599001297148,0.00022145525180102557,0.0002506002085119258,0.3034552069505056,0.00755570000386801,0.008550079445052535,0.8033333333333333,0.0033333333333332993,0.0037720217587055168
spider_target_minority,timm_dinov3_vit_lora,menon_logit_adjusted,argmax,,3,black_widow,0.95,0.75,balanced_accuracy,"[[0.0,10.0],[1.0,0.0]]","{""0"":0.25,""1"":0.75}",0.0,False,False,"[[116,34],[117,333]]",0.21096666666666664,0.09705258025077608,0.10982533333333333,0.07616666666666666,0.02222798536380059,0.02515333333333333,0.7616666666666667,0.22227985363800593,0.25153333333333333,0.7733333333333333,0.05773502691896256,0.06533333333333331,0.22666666666666668,0.05773502691896258,0.06533333333333334,0.5124183006535947,0.13358300345956045,0.15116339869281045,0.26,0.10392304845413264,0.11760000000000001,0.7483333333333334,0.09237604307034014,0.10453333333333337,0.7566666666666667,0.08082903768654762,0.09146666666666668,0.7130394122494815,0.09363410858702424,0.10595696848417624,0.8466666666666667,0.07205528741490409,0.08153823358764023,0.9406660198696722,0.027218289166889707,0.0308003936916743,0.5725504719528317,0.1753205044958022,0.1983938273116203,0.3959786753275633,0.14665278926040692,0.16595325361953459,0.14479561507701874,0.05663782606709613,0.06409173368726018,0.7566666666666667,0.08082903768654762,0.09146666666666668
spider_target_minority,timm_dinov3_vit_lora,ce,argmax,,3,black_widow,0.95,0.75,balanced_accuracy,"[[0.0,10.0],[1.0,0.0]]","{""0"":0.25,""1"":0.75}",0.0,False,False,"[[0,150],[0,450]]",3.9225,0.0,0.0,0.25,0.0,0.0,2.5,0.0,0.0,0.0,0.0,0.0,1.0,0.0,0.0,0.0,0.0,0.0,0.0,0.0,0.0,0.75,0.0,0.0,0.5,0.0,0.0,0.42857142857142855,0.0,0.0,0.7011555555555556,0.0009075812380738788,0.0010270248533422793,0.8777240962173178,0.0004695544790581914,0.0005313509135715449,0.6590840781037456,5.3748882846446116e-05,6.082258668087316e-05,0.46599633841002924,5.3440362650700475e-05,6.047346321346736e-05,0.21664710968732834,7.578631171163782e-05,8.576028503650185e-05,0.5,0.0,0.0
spider_target_minority,timm_dinov3_vit_lora,ce_calibrated_cost_min,argmax,,3,black_widow,0.95,0.75,balanced_accuracy,"[[0.0,10.0],[1.0,0.0]]","{""0"":0.25,""1"":0.75}",0.0,False,False,"[[0,150],[0,450]]",3.9225,0.0,0.0,0.25,0.0,0.0,2.5,0.0,0.0,0.0,0.0,0.0,1.0,0.0,0.0,0.0,0.0,0.0,0.0,0.0,0.0,0.75,0.0,0.0,0.5,0.0,0.0,0.42857142857142855,0.0,0.0,0.7011555555555556,0.0009075812380738788,0.0010270248533422793,0.8777240962173178,0.0004695544790581914,0.0005313509135715449,0.6590840781037456,5.3748882846446116e-05,6.082258668087316e-05,0.46599633841002924,5.3440362650700475e-05,6.047346321346736e-05,0.21664710968732834,7.578631171163782e-05,8.576028503650185e-05,0.5,0.0,0.0
spider_target_minority,timm_dinov3_vit_lora,cs_regularized_ce,argmax,,3,black_widow,0.95,0.75,balanced_accuracy,"[[0.0,10.0],[1.0,0.0]]","{""0"":0.25,""1"":0.75}",0.0,False,False,"[[0,150],[0,450]]",3.9225,0.0,0.0,0.25,0.0,0.0,2.5,0.0,0.0,0.0,0.0,0.0,1.0,0.0,0.0,0.0,0.0,0.0,0.0,0.0,0.0,0.75,0.0,0.0,0.5,0.0,0.0,0.42857142857142855,0.0,0.0,0.7028,0.0005333333333333301,0.0006035234813928851,0.878562802188198,0.00043161161673468647,0.000488414522889996,0.6591287041472261,5.3716273515540266e-05,6.0785685749159044e-05,0.466040689821602,5.340891795502609e-05,6.043788019058347e-05,0.21674735297759373,7.571466030282397e-05,8.567920383457554e-05,0.5,0.0,0.0
