dataset,model_family,model_checkpoint,training_method,inference_mode,class_order,target_class,cost_matrix_C_true_pred,cost_matrix_meaning,target_recall_floor,accuracy_floor,accuracy_floor_metric,normalized_atc,atc,target_recall,target_fnr,target_precision,target_fpr,accuracy,balanced_accuracy,macro_f1,selection_score,auroc,auprc,nll,brier,ece,temperature,calibration_nll_before,calibration_nll_after,confusion_matrix_rows_true_cols_pred,run,metrics_file,config_file
spider_balanced_prototype,convnext,facebook/convnext-tiny-224,ce,argmax,black_widow / false_widow,black_widow,"[[0.0, 10.0], [1.0, 0.0]]",C[black_widow][false_widow]=10; C[false_widow][black_widow]=1,0.95,0.8,accuracy,0.178125,1.78125,0.65625,0.34375,0.84,0.125,0.765625,0.765625,0.7627872498146775,0.524462890625,0.87109375,0.8851347237138796,0.5868383118252631,0.3967136578489239,0.17125442903488866,,,,"[[21, 11], [4, 28]]",stop2_prototype_spider_balanced_prototype_convnext_ce_04-28_05-23,results/convnext_test/stop2_prototype_spider_balanced_prototype_convnext_ce_04-28_05-23/metrics_20260428_052331_ce.json,results/stop2_prototype/configs/stop2_prototype_spider_balanced_prototype_convnext_ce.json
spider_balanced_prototype,convnext,facebook/convnext-tiny-224,ce,calibrated_cost_min,black_widow / false_widow,black_widow,"[[0.0, 10.0], [1.0, 0.0]]",C[black_widow][false_widow]=10; C[false_widow][black_widow]=1,0.95,0.8,accuracy,0.05,0.5,1.0,0.0,0.5,1.0,0.5,0.5,0.3333333333333333,0.14,0.87109375,0.8851347237138796,0.5254547462305148,0.3466048952642041,0.1181357512238061,0.5,0.5718879770830372,0.49193744302665043,"[[32, 0], [32, 0]]",stop2_prototype_spider_balanced_prototype_convnext_ce_04-28_05-23,results/convnext_test/stop2_prototype_spider_balanced_prototype_convnext_ce_04-28_05-23/metrics_20260428_052331_ce.json,results/stop2_prototype/configs/stop2_prototype_spider_balanced_prototype_convnext_ce.json
spider_balanced_prototype,convnext,facebook/convnext-tiny-224,ce_calibrated_cost_min,argmax,black_widow / false_widow,black_widow,"[[0.0, 10.0], [1.0, 0.0]]",C[black_widow][false_widow]=10; C[false_widow][black_widow]=1,0.95,0.8,accuracy,0.178125,1.78125,0.65625,0.34375,0.84,0.125,0.765625,0.765625,0.7627872498146775,0.524462890625,0.87109375,0.8851347237138796,0.5868373617007066,0.3967128629887574,0.1712539196014404,,,,"[[21, 11], [4, 28]]",stop2_prototype_spider_balanced_prototype_convnext_ce_calibrated_cost_min_04-28_05-23,results/convnext_test/stop2_prototype_spider_balanced_prototype_convnext_ce_calibrated_cost_min_04-28_05-23/metrics_20260428_052357_ce_calibrated_cost_min.json,results/stop2_prototype/configs/stop2_prototype_spider_balanced_prototype_convnext_ce_calibrated_cost_min.json
spider_balanced_prototype,convnext,facebook/convnext-tiny-224,ce_calibrated_cost_min,calibrated_cost_min,black_widow / false_widow,black_widow,"[[0.0, 10.0], [1.0, 0.0]]",C[black_widow][false_widow]=10; C[false_widow][black_widow]=1,0.95,0.8,accuracy,0.05,0.5,1.0,0.0,0.5,1.0,0.5,0.5,0.3333333333333333,0.14,0.87109375,0.8851347237138796,0.5254538457334281,0.3466045533573079,0.11813371774432535,0.5,0.5718866928137349,0.4919349066371976,"[[32, 0], [32, 0]]",stop2_prototype_spider_balanced_prototype_convnext_ce_calibrated_cost_min_04-28_05-23,results/convnext_test/stop2_prototype_spider_balanced_prototype_convnext_ce_calibrated_cost_min_04-28_05-23/metrics_20260428_052357_ce_calibrated_cost_min.json,results/stop2_prototype/configs/stop2_prototype_spider_balanced_prototype_convnext_ce_calibrated_cost_min.json
spider_balanced_prototype,convnext,facebook/convnext-tiny-224,menon_logit_adjusted,argmax,black_widow / false_widow,black_widow,"[[0.0, 10.0], [1.0, 0.0]]",C[black_widow][false_widow]=10; C[false_widow][black_widow]=1,0.95,0.8,accuracy,0.178125,1.78125,0.65625,0.34375,0.84,0.125,0.765625,0.765625,0.7627872498146775,0.524462890625,0.87109375,0.8851347237138796,0.5868383846036009,0.39671378421562875,0.1712534241378307,,,,"[[21, 11], [4, 28]]",stop2_prototype_spider_balanced_prototype_convnext_menon_logit_adjusted_04-28_05-24,results/convnext_test/stop2_prototype_spider_balanced_prototype_convnext_menon_logit_adjusted_04-28_05-24/metrics_20260428_052424_menon_logit_adjusted.json,results/stop2_prototype/configs/stop2_prototype_spider_balanced_prototype_convnext_menon_logit_adjusted.json
spider_balanced_prototype,convnext,facebook/convnext-tiny-224,menon_logit_adjusted,calibrated_cost_min,black_widow / false_widow,black_widow,"[[0.0, 10.0], [1.0, 0.0]]",C[black_widow][false_widow]=10; C[false_widow][black_widow]=1,0.95,0.8,accuracy,0.05,0.5,1.0,0.0,0.5,1.0,0.5,0.5,0.3333333333333333,0.14,0.87109375,0.8851347237138796,0.525455796936354,0.3466062205460415,0.11813306689104969,0.5,0.5718875432764146,0.49193726518781045,"[[32, 0], [32, 0]]",stop2_prototype_spider_balanced_prototype_convnext_menon_logit_adjusted_04-28_05-24,results/convnext_test/stop2_prototype_spider_balanced_prototype_convnext_menon_logit_adjusted_04-28_05-24/metrics_20260428_052424_menon_logit_adjusted.json,results/stop2_prototype/configs/stop2_prototype_spider_balanced_prototype_convnext_menon_logit_adjusted.json
spider_balanced_prototype,convnext,facebook/convnext-tiny-224,nicme_hybrid,argmax,black_widow / false_widow,black_widow,"[[0.0, 10.0], [1.0, 0.0]]",C[black_widow][false_widow]=10; C[false_widow][black_widow]=1,0.95,0.8,accuracy,0.05,0.5,1.0,0.0,0.5,1.0,0.5,0.5,0.3333333333333333,0.14,0.5947265625,0.5445562405047908,0.7612775798910314,0.5639962585040059,0.2371517019346357,,,,"[[32, 0], [32, 0]]",stop2_prototype_spider_balanced_prototype_convnext_nicme_hybrid_04-28_05-24,results/convnext_test/stop2_prototype_spider_balanced_prototype_convnext_nicme_hybrid_04-28_05-24/metrics_20260428_052448_nicme_hybrid.json,results/stop2_prototype/configs/stop2_prototype_spider_balanced_prototype_convnext_nicme_hybrid.json
spider_balanced_prototype,convnext,facebook/convnext-tiny-224,nicme_hybrid,calibrated_cost_min,black_widow / false_widow,black_widow,"[[0.0, 10.0], [1.0, 0.0]]",C[black_widow][false_widow]=10; C[false_widow][black_widow]=1,0.95,0.8,accuracy,0.05,0.5,1.0,0.0,0.5,1.0,0.5,0.5,0.3333333333333333,0.14,0.5947265625,0.5445562405047908,0.6934587286530433,0.5003154816592268,0.09914806428751306,7.25,0.7457202100169698,0.6917313753909508,"[[32, 0], [32, 0]]",stop2_prototype_spider_balanced_prototype_convnext_nicme_hybrid_04-28_05-24,results/convnext_test/stop2_prototype_spider_balanced_prototype_convnext_nicme_hybrid_04-28_05-24/metrics_20260428_052448_nicme_hybrid.json,results/stop2_prototype/configs/stop2_prototype_spider_balanced_prototype_convnext_nicme_hybrid.json
spider_balanced_prototype,vit,google/vit-base-patch16-224-in21k,ce,argmax,black_widow / false_widow,black_widow,"[[0.0, 10.0], [1.0, 0.0]]",C[black_widow][false_widow]=10; C[false_widow][black_widow]=1,0.95,0.8,accuracy,0.1453125,1.453125,0.71875,0.28125,0.8846153846153846,0.09375,0.8125,0.8125,0.8108374384236454,0.3592187499999999,0.93359375,0.9454987658996705,0.5639454868169527,0.37381192695609555,0.23413370922207832,,,,"[[23, 9], [3, 29]]",stop2_prototype_spider_balanced_prototype_vit_ce_04-28_05-25,results/vit_test/stop2_prototype_spider_balanced_prototype_vit_ce_04-28_05-25/metrics_20260428_052513_ce.json,results/stop2_prototype/configs/stop2_prototype_spider_balanced_prototype_vit_ce.json
spider_balanced_prototype,vit,google/vit-base-patch16-224-in21k,ce,calibrated_cost_min,black_widow / false_widow,black_widow,"[[0.0, 10.0], [1.0, 0.0]]",C[black_widow][false_widow]=10; C[false_widow][black_widow]=1,0.95,0.8,accuracy,0.05,0.5,1.0,0.0,0.5,1.0,0.5,0.5,0.3333333333333333,0.14,0.93359375,0.9454987658996705,0.4746154377354853,0.29764317433792475,0.18798170588917937,0.5,0.5754262179189514,0.4967798951132264,"[[32, 0], [32, 0]]",stop2_prototype_spider_balanced_prototype_vit_ce_04-28_05-25,results/vit_test/stop2_prototype_spider_balanced_prototype_vit_ce_04-28_05-25/metrics_20260428_052513_ce.json,results/stop2_prototype/configs/stop2_prototype_spider_balanced_prototype_vit_ce.json
spider_balanced_prototype,vit,google/vit-base-patch16-224-in21k,ce_calibrated_cost_min,argmax,black_widow / false_widow,black_widow,"[[0.0, 10.0], [1.0, 0.0]]",C[black_widow][false_widow]=10; C[false_widow][black_widow]=1,0.95,0.8,accuracy,0.096875,0.96875,0.8125,0.1875,0.9285714285714286,0.0625,0.875,0.875,0.8745098039215686,0.17249999999999996,0.9443359375,0.9570720476888074,0.4753855693792475,0.29408567777409406,0.22666427120566368,,,,"[[26, 6], [2, 30]]",stop2_prototype_spider_balanced_prototype_vit_ce_calibrated_cost_min_04-28_05-25,results/vit_test/stop2_prototype_spider_balanced_prototype_vit_ce_calibrated_cost_min_04-28_05-25/metrics_20260428_052541_ce_calibrated_cost_min.json,results/stop2_prototype/configs/stop2_prototype_spider_balanced_prototype_vit_ce_calibrated_cost_min.json
spider_balanced_prototype,vit,google/vit-base-patch16-224-in21k,ce_calibrated_cost_min,calibrated_cost_min,black_widow / false_widow,black_widow,"[[0.0, 10.0], [1.0, 0.0]]",C[black_widow][false_widow]=10; C[false_widow][black_widow]=1,0.95,0.8,accuracy,0.0421875,0.421875,1.0,0.0,0.5423728813559322,0.84375,0.578125,0.578125,0.4867834867834868,0.09141601562500001,0.9443359375,0.9570720476888074,0.36588272874912486,0.21633352147175955,0.12132241322562795,0.5,0.5006117897264248,0.41952683942511415,"[[32, 0], [27, 5]]",stop2_prototype_spider_balanced_prototype_vit_ce_calibrated_cost_min_04-28_05-25,results/vit_test/stop2_prototype_spider_balanced_prototype_vit_ce_calibrated_cost_min_04-28_05-25/metrics_20260428_052541_ce_calibrated_cost_min.json,results/stop2_prototype/configs/stop2_prototype_spider_balanced_prototype_vit_ce_calibrated_cost_min.json
spider_balanced_prototype,vit,google/vit-base-patch16-224-in21k,menon_logit_adjusted,argmax,black_widow / false_widow,black_widow,"[[0.0, 10.0], [1.0, 0.0]]",C[black_widow][false_widow]=10; C[false_widow][black_widow]=1,0.95,0.8,accuracy,0.096875,0.96875,0.8125,0.1875,0.9285714285714286,0.0625,0.875,0.875,0.8745098039215686,0.17249999999999996,0.9423828125,0.9547986460774702,0.4808480722777897,0.29888694113559955,0.23066788259893659,,,,"[[26, 6], [2, 30]]",stop2_prototype_spider_balanced_prototype_vit_menon_logit_adjusted_04-28_05-26,results/vit_test/stop2_prototype_spider_balanced_prototype_vit_menon_logit_adjusted_04-28_05-26/metrics_20260428_052609_menon_logit_adjusted.json,results/stop2_prototype/configs/stop2_prototype_spider_balanced_prototype_vit_menon_logit_adjusted.json
spider_balanced_prototype,vit,google/vit-base-patch16-224-in21k,menon_logit_adjusted,calibrated_cost_min,black_widow / false_widow,black_widow,"[[0.0, 10.0], [1.0, 0.0]]",C[black_widow][false_widow]=10; C[false_widow][black_widow]=1,0.95,0.8,accuracy,0.0453125,0.453125,1.0,0.0,0.5245901639344263,0.90625,0.546875,0.546875,0.429800307219662,0.10938476562500002,0.9423828125,0.9547986460774702,0.3713851343121378,0.22071672793959995,0.1295643132359769,0.5,0.5046761422287681,0.42287468286082747,"[[32, 0], [29, 3]]",stop2_prototype_spider_balanced_prototype_vit_menon_logit_adjusted_04-28_05-26,results/vit_test/stop2_prototype_spider_balanced_prototype_vit_menon_logit_adjusted_04-28_05-26/metrics_20260428_052609_menon_logit_adjusted.json,results/stop2_prototype/configs/stop2_prototype_spider_balanced_prototype_vit_menon_logit_adjusted.json
spider_balanced_prototype,vit,google/vit-base-patch16-224-in21k,nicme_hybrid,argmax,black_widow / false_widow,black_widow,"[[0.0, 10.0], [1.0, 0.0]]",C[black_widow][false_widow]=10; C[false_widow][black_widow]=1,0.95,0.8,accuracy,0.05,0.5,1.0,0.0,0.5,1.0,0.5,0.5,0.3333333333333333,0.14,0.6513671875,0.6124438901353613,0.7149313221905699,0.5216482220457803,0.17779514845460653,,,,"[[32, 0], [32, 0]]",stop2_prototype_spider_balanced_prototype_vit_nicme_hybrid_04-28_05-26,results/vit_test/stop2_prototype_spider_balanced_prototype_vit_nicme_hybrid_04-28_05-26/metrics_20260428_052630_nicme_hybrid.json,results/stop2_prototype/configs/stop2_prototype_spider_balanced_prototype_vit_nicme_hybrid.json
spider_balanced_prototype,vit,google/vit-base-patch16-224-in21k,nicme_hybrid,calibrated_cost_min,black_widow / false_widow,black_widow,"[[0.0, 10.0], [1.0, 0.0]]",C[black_widow][false_widow]=10; C[false_widow][black_widow]=1,0.95,0.8,accuracy,0.05,0.5,1.0,0.0,0.5,1.0,0.5,0.5,0.3333333333333333,0.14,0.6513671875,0.6124438901353613,0.6906328959823987,0.49749665299454293,0.1068432293371133,5.75,0.7194577277219776,0.6918981330077114,"[[32, 0], [32, 0]]",stop2_prototype_spider_balanced_prototype_vit_nicme_hybrid_04-28_05-26,results/vit_test/stop2_prototype_spider_balanced_prototype_vit_nicme_hybrid_04-28_05-26/metrics_20260428_052630_nicme_hybrid.json,results/stop2_prototype/configs/stop2_prototype_spider_balanced_prototype_vit_nicme_hybrid.json
spider_balanced_prototype,timm_dinov3_vit_lora,timm/vit_small_patch16_dinov3.lvd1689m,ce,argmax,black_widow / false_widow,black_widow,"[[0.0, 10.0], [1.0, 0.0]]",C[black_widow][false_widow]=10; C[false_widow][black_widow]=1,0.95,0.8,accuracy,0.1375,1.375,0.75,0.25,0.75,0.25,0.75,0.75,0.75,0.29999999999999993,0.8095703125,0.8306759152269685,0.6884365551093603,0.49528966627967896,0.24652585480362177,,,,"[[24, 8], [8, 24]]",stop2_prototype_spider_balanced_prototype_timm_dinov3_vit_lora_ce_04-28_05-26,results/timm_dinov3_vit_lora_test/stop2_prototype_spider_balanced_prototype_timm_dinov3_vit_lora_ce_04-28_05-26/metrics_20260428_052654_ce.json,results/stop2_prototype/configs/stop2_prototype_spider_balanced_prototype_timm_dinov3_vit_lora_ce.json
spider_balanced_prototype,timm_dinov3_vit_lora,timm/vit_small_patch16_dinov3.lvd1689m,ce,calibrated_cost_min,black_widow / false_widow,black_widow,"[[0.0, 10.0], [1.0, 0.0]]",C[black_widow][false_widow]=10; C[false_widow][black_widow]=1,0.95,0.8,accuracy,0.05,0.5,1.0,0.0,0.5,1.0,0.5,0.5,0.3333333333333333,0.14,0.8095703125,0.8306759152269685,0.6838013415136667,0.4906564792183069,0.24305270177345184,0.5,0.6876049751688731,0.6821795859269748,"[[32, 0], [32, 0]]",stop2_prototype_spider_balanced_prototype_timm_dinov3_vit_lora_ce_04-28_05-26,results/timm_dinov3_vit_lora_test/stop2_prototype_spider_balanced_prototype_timm_dinov3_vit_lora_ce_04-28_05-26/metrics_20260428_052654_ce.json,results/stop2_prototype/configs/stop2_prototype_spider_balanced_prototype_timm_dinov3_vit_lora_ce.json
spider_balanced_prototype,timm_dinov3_vit_lora,timm/vit_small_patch16_dinov3.lvd1689m,ce_calibrated_cost_min,argmax,black_widow / false_widow,black_widow,"[[0.0, 10.0], [1.0, 0.0]]",C[black_widow][false_widow]=10; C[false_widow][black_widow]=1,0.95,0.8,accuracy,0.1375,1.375,0.75,0.25,0.75,0.25,0.75,0.75,0.75,0.29999999999999993,0.8095703125,0.8306759152269685,0.6884365551093603,0.49528966627967896,0.24652585480362177,,,,"[[24, 8], [8, 24]]",stop2_prototype_spider_balanced_prototype_timm_dinov3_vit_lora_ce_calibrated_cost_min_04-28_05-27,results/timm_dinov3_vit_lora_test/stop2_prototype_spider_balanced_prototype_timm_dinov3_vit_lora_ce_calibrated_cost_min_04-28_05-27/metrics_20260428_052717_ce_calibrated_cost_min.json,results/stop2_prototype/configs/stop2_prototype_spider_balanced_prototype_timm_dinov3_vit_lora_ce_calibrated_cost_min.json
spider_balanced_prototype,timm_dinov3_vit_lora,timm/vit_small_patch16_dinov3.lvd1689m,ce_calibrated_cost_min,calibrated_cost_min,black_widow / false_widow,black_widow,"[[0.0, 10.0], [1.0, 0.0]]",C[black_widow][false_widow]=10; C[false_widow][black_widow]=1,0.95,0.8,accuracy,0.05,0.5,1.0,0.0,0.5,1.0,0.5,0.5,0.3333333333333333,0.14,0.8095703125,0.8306759152269685,0.6838013415136667,0.4906564792183069,0.24305270177345184,0.5,0.6876049751688731,0.6821795859269748,"[[32, 0], [32, 0]]",stop2_prototype_spider_balanced_prototype_timm_dinov3_vit_lora_ce_calibrated_cost_min_04-28_05-27,results/timm_dinov3_vit_lora_test/stop2_prototype_spider_balanced_prototype_timm_dinov3_vit_lora_ce_calibrated_cost_min_04-28_05-27/metrics_20260428_052717_ce_calibrated_cost_min.json,results/stop2_prototype/configs/stop2_prototype_spider_balanced_prototype_timm_dinov3_vit_lora_ce_calibrated_cost_min.json
spider_balanced_prototype,timm_dinov3_vit_lora,timm/vit_small_patch16_dinov3.lvd1689m,menon_logit_adjusted,argmax,black_widow / false_widow,black_widow,"[[0.0, 10.0], [1.0, 0.0]]",C[black_widow][false_widow]=10; C[false_widow][black_widow]=1,0.95,0.8,accuracy,0.1375,1.375,0.75,0.25,0.75,0.25,0.75,0.75,0.75,0.29999999999999993,0.8095703125,0.8306759152269685,0.6884365495500286,0.4952896616481244,0.24652585573494434,,,,"[[24, 8], [8, 24]]",stop2_prototype_spider_balanced_prototype_timm_dinov3_vit_lora_menon_logit_adjusted_04-28_05-27,results/timm_dinov3_vit_lora_test/stop2_prototype_spider_balanced_prototype_timm_dinov3_vit_lora_menon_logit_adjusted_04-28_05-27/metrics_20260428_052740_menon_logit_adjusted.json,results/stop2_prototype/configs/stop2_prototype_spider_balanced_prototype_timm_dinov3_vit_lora_menon_logit_adjusted.json
spider_balanced_prototype,timm_dinov3_vit_lora,timm/vit_small_patch16_dinov3.lvd1689m,menon_logit_adjusted,calibrated_cost_min,black_widow / false_widow,black_widow,"[[0.0, 10.0], [1.0, 0.0]]",C[black_widow][false_widow]=10; C[false_widow][black_widow]=1,0.95,0.8,accuracy,0.05,0.5,1.0,0.0,0.5,1.0,0.5,0.5,0.3333333333333333,0.14,0.8095703125,0.8306759152269685,0.6838013463272362,0.4906564840328812,0.24305270800724488,0.5,0.6876049741058354,0.6821795838409161,"[[32, 0], [32, 0]]",stop2_prototype_spider_balanced_prototype_timm_dinov3_vit_lora_menon_logit_adjusted_04-28_05-27,results/timm_dinov3_vit_lora_test/stop2_prototype_spider_balanced_prototype_timm_dinov3_vit_lora_menon_logit_adjusted_04-28_05-27/metrics_20260428_052740_menon_logit_adjusted.json,results/stop2_prototype/configs/stop2_prototype_spider_balanced_prototype_timm_dinov3_vit_lora_menon_logit_adjusted.json
spider_balanced_prototype,timm_dinov3_vit_lora,timm/vit_small_patch16_dinov3.lvd1689m,nicme_hybrid,argmax,black_widow / false_widow,black_widow,"[[0.0, 10.0], [1.0, 0.0]]",C[black_widow][false_widow]=10; C[false_widow][black_widow]=1,0.95,0.8,accuracy,0.05,0.5,1.0,0.0,0.5,1.0,0.5,0.5,0.3333333333333333,0.14,0.662109375,0.6112704055588029,0.6925037892143426,0.4993567669384695,0.007118904031813145,,,,"[[32, 0], [32, 0]]",stop2_prototype_spider_balanced_prototype_timm_dinov3_vit_lora_nicme_hybrid_04-28_05-27,results/timm_dinov3_vit_lora_test/stop2_prototype_spider_balanced_prototype_timm_dinov3_vit_lora_nicme_hybrid_04-28_05-27/metrics_20260428_052759_nicme_hybrid.json,results/stop2_prototype/configs/stop2_prototype_spider_balanced_prototype_timm_dinov3_vit_lora_nicme_hybrid.json
spider_balanced_prototype,timm_dinov3_vit_lora,timm/vit_small_patch16_dinov3.lvd1689m,nicme_hybrid,calibrated_cost_min,black_widow / false_widow,black_widow,"[[0.0, 10.0], [1.0, 0.0]]",C[black_widow][false_widow]=10; C[false_widow][black_widow]=1,0.95,0.8,accuracy,0.05,0.5,1.0,0.0,0.5,1.0,0.5,0.5,0.3333333333333333,0.14,0.662109375,0.610801655558803,0.692071197897494,0.4989252021059759,0.014234574147365286,0.5,0.691892705385882,0.690874637211333,"[[32, 0], [32, 0]]",stop2_prototype_spider_balanced_prototype_timm_dinov3_vit_lora_nicme_hybrid_04-28_05-27,results/timm_dinov3_vit_lora_test/stop2_prototype_spider_balanced_prototype_timm_dinov3_vit_lora_nicme_hybrid_04-28_05-27/metrics_20260428_052759_nicme_hybrid.json,results/stop2_prototype/configs/stop2_prototype_spider_balanced_prototype_timm_dinov3_vit_lora_nicme_hybrid.json
spider_balanced_prototype,timm_dinov3_convnext_lora,timm/convnext_tiny.dinov3_lvd1689m,ce,argmax,black_widow / false_widow,black_widow,"[[0.0, 10.0], [1.0, 0.0]]",C[black_widow][false_widow]=10; C[false_widow][black_widow]=1,0.95,0.8,accuracy,0.2265625,2.265625,0.5625,0.4375,0.782608695652174,0.15625,0.703125,0.703125,0.6971357409713574,0.8365722656249999,0.7685546875,0.7734233739051937,0.5819028373965014,0.39816004690029094,0.1595866084098816,,,,"[[18, 14], [5, 27]]",stop2_prototype_spider_balanced_prototype_timm_dinov3_convnext_lora_ce_04-28_05-28,results/timm_dinov3_convnext_lora_test/stop2_prototype_spider_balanced_prototype_timm_dinov3_convnext_lora_ce_04-28_05-28/metrics_20260428_052825_ce.json,results/stop2_prototype/configs/stop2_prototype_spider_balanced_prototype_timm_dinov3_convnext_lora_ce.json
spider_balanced_prototype,timm_dinov3_convnext_lora,timm/convnext_tiny.dinov3_lvd1689m,ce,calibrated_cost_min,black_widow / false_widow,black_widow,"[[0.0, 10.0], [1.0, 0.0]]",C[black_widow][false_widow]=10; C[false_widow][black_widow]=1,0.95,0.8,accuracy,0.05625,0.5625,0.96875,0.03125,0.543859649122807,0.8125,0.578125,0.578125,0.5021607605877269,0.10547851562500002,0.7685546875,0.7734233739051937,0.609900945427219,0.4114793379818295,0.1671880578469965,0.7,0.5333723693550119,0.5215819081211215,"[[31, 1], [26, 6]]",stop2_prototype_spider_balanced_prototype_timm_dinov3_convnext_lora_ce_04-28_05-28,results/timm_dinov3_convnext_lora_test/stop2_prototype_spider_balanced_prototype_timm_dinov3_convnext_lora_ce_04-28_05-28/metrics_20260428_052825_ce.json,results/stop2_prototype/configs/stop2_prototype_spider_balanced_prototype_timm_dinov3_convnext_lora_ce.json
spider_balanced_prototype,timm_dinov3_convnext_lora,timm/convnext_tiny.dinov3_lvd1689m,ce_calibrated_cost_min,argmax,black_widow / false_widow,black_widow,"[[0.0, 10.0], [1.0, 0.0]]",C[black_widow][false_widow]=10; C[false_widow][black_widow]=1,0.95,0.8,accuracy,0.2265625,2.265625,0.5625,0.4375,0.782608695652174,0.15625,0.703125,0.703125,0.6971357409713574,0.8365722656249999,0.7685546875,0.7734233739051937,0.5819028373965014,0.39816004690029094,0.1595866084098816,,,,"[[18, 14], [5, 27]]",stop2_prototype_spider_balanced_prototype_timm_dinov3_convnext_lora_ce_calibrated_cost_min_04-28_05-28,results/timm_dinov3_convnext_lora_test/stop2_prototype_spider_balanced_prototype_timm_dinov3_convnext_lora_ce_calibrated_cost_min_04-28_05-28/metrics_20260428_052850_ce_calibrated_cost_min.json,results/stop2_prototype/configs/stop2_prototype_spider_balanced_prototype_timm_dinov3_convnext_lora_ce_calibrated_cost_min.json
spider_balanced_prototype,timm_dinov3_convnext_lora,timm/convnext_tiny.dinov3_lvd1689m,ce_calibrated_cost_min,calibrated_cost_min,black_widow / false_widow,black_widow,"[[0.0, 10.0], [1.0, 0.0]]",C[black_widow][false_widow]=10; C[false_widow][black_widow]=1,0.95,0.8,accuracy,0.05625,0.5625,0.96875,0.03125,0.543859649122807,0.8125,0.578125,0.578125,0.5021607605877269,0.10547851562500002,0.7685546875,0.7734233739051937,0.609900945427219,0.4114793379818295,0.1671880578469965,0.7,0.5333723693550119,0.5215819081211215,"[[31, 1], [26, 6]]",stop2_prototype_spider_balanced_prototype_timm_dinov3_convnext_lora_ce_calibrated_cost_min_04-28_05-28,results/timm_dinov3_convnext_lora_test/stop2_prototype_spider_balanced_prototype_timm_dinov3_convnext_lora_ce_calibrated_cost_min_04-28_05-28/metrics_20260428_052850_ce_calibrated_cost_min.json,results/stop2_prototype/configs/stop2_prototype_spider_balanced_prototype_timm_dinov3_convnext_lora_ce_calibrated_cost_min.json
spider_balanced_prototype,timm_dinov3_convnext_lora,timm/convnext_tiny.dinov3_lvd1689m,menon_logit_adjusted,argmax,black_widow / false_widow,black_widow,"[[0.0, 10.0], [1.0, 0.0]]",C[black_widow][false_widow]=10; C[false_widow][black_widow]=1,0.95,0.8,accuracy,0.2265625,2.265625,0.5625,0.4375,0.782608695652174,0.15625,0.703125,0.703125,0.6971357409713574,0.8365722656249999,0.7685546875,0.7734233739051937,0.5819004386928162,0.39815836170206254,0.15958345029503113,,,,"[[18, 14], [5, 27]]",stop2_prototype_spider_balanced_prototype_timm_dinov3_convnext_lora_menon_logit_adjusted_04-28_05-29,results/timm_dinov3_convnext_lora_test/stop2_prototype_spider_balanced_prototype_timm_dinov3_convnext_lora_menon_logit_adjusted_04-28_05-29/metrics_20260428_052915_menon_logit_adjusted.json,results/stop2_prototype/configs/stop2_prototype_spider_balanced_prototype_timm_dinov3_convnext_lora_menon_logit_adjusted.json
spider_balanced_prototype,timm_dinov3_convnext_lora,timm/convnext_tiny.dinov3_lvd1689m,menon_logit_adjusted,calibrated_cost_min,black_widow / false_widow,black_widow,"[[0.0, 10.0], [1.0, 0.0]]",C[black_widow][false_widow]=10; C[false_widow][black_widow]=1,0.95,0.8,accuracy,0.05625,0.5625,0.96875,0.03125,0.543859649122807,0.8125,0.578125,0.578125,0.5021607605877269,0.10547851562500002,0.7685546875,0.7734233739051937,0.6098975087892473,0.41147807882687204,0.16718909062053858,0.7,0.5333673655342241,0.5215741402190883,"[[31, 1], [26, 6]]",stop2_prototype_spider_balanced_prototype_timm_dinov3_convnext_lora_menon_logit_adjusted_04-28_05-29,results/timm_dinov3_convnext_lora_test/stop2_prototype_spider_balanced_prototype_timm_dinov3_convnext_lora_menon_logit_adjusted_04-28_05-29/metrics_20260428_052915_menon_logit_adjusted.json,results/stop2_prototype/configs/stop2_prototype_spider_balanced_prototype_timm_dinov3_convnext_lora_menon_logit_adjusted.json
spider_balanced_prototype,timm_dinov3_convnext_lora,timm/convnext_tiny.dinov3_lvd1689m,nicme_hybrid,argmax,black_widow / false_widow,black_widow,"[[0.0, 10.0], [1.0, 0.0]]",C[black_widow][false_widow]=10; C[false_widow][black_widow]=1,0.95,0.8,accuracy,0.059375,0.59375,0.96875,0.03125,0.5254237288135594,0.875,0.546875,0.546875,0.4487674487674488,0.12344726562500002,0.6357421875,0.6550923474482486,0.9203526372849615,0.6375309657772095,0.2522071646526456,,,,"[[31, 1], [28, 4]]",stop2_prototype_spider_balanced_prototype_timm_dinov3_convnext_lora_nicme_hybrid_04-28_05-29,results/timm_dinov3_convnext_lora_test/stop2_prototype_spider_balanced_prototype_timm_dinov3_convnext_lora_nicme_hybrid_04-28_05-29/metrics_20260428_052941_nicme_hybrid.json,results/stop2_prototype/configs/stop2_prototype_spider_balanced_prototype_timm_dinov3_convnext_lora_nicme_hybrid.json
spider_balanced_prototype,timm_dinov3_convnext_lora,timm/convnext_tiny.dinov3_lvd1689m,nicme_hybrid,calibrated_cost_min,black_widow / false_widow,black_widow,"[[0.0, 10.0], [1.0, 0.0]]",C[black_widow][false_widow]=10; C[false_widow][black_widow]=1,0.95,0.8,accuracy,0.05,0.5,1.0,0.0,0.5,1.0,0.5,0.5,0.3333333333333333,0.14,0.6357421875,0.6550923474482486,0.6832335657481641,0.49044149568091966,0.07742204083285031,5.5,0.9259946392281664,0.6763547110687618,"[[32, 0], [32, 0]]",stop2_prototype_spider_balanced_prototype_timm_dinov3_convnext_lora_nicme_hybrid_04-28_05-29,results/timm_dinov3_convnext_lora_test/stop2_prototype_spider_balanced_prototype_timm_dinov3_convnext_lora_nicme_hybrid_04-28_05-29/metrics_20260428_052941_nicme_hybrid.json,results/stop2_prototype/configs/stop2_prototype_spider_balanced_prototype_timm_dinov3_convnext_lora_nicme_hybrid.json
breakhis_balanced_prototype,convnext,facebook/convnext-tiny-224,ce,argmax,benign / malignant,malignant,"[[0.0, 1.0], [10.0, 0.0]]",C[benign][malignant]=1; C[malignant][benign]=10,0.97,0.85,accuracy,0.0203125,0.203125,0.96875,0.03125,0.9117647058823529,0.09375,0.9375,0.9375,0.9374389051808407,0.02031875,0.9541015625,0.9526934794627399,0.4319599359699672,0.2542035468576076,0.2576616760343313,,,,"[[29, 3], [1, 31]]",stop2_prototype_breakhis_balanced_prototype_convnext_ce_04-28_05-30,results/convnext_test/stop2_prototype_breakhis_balanced_prototype_convnext_ce_04-28_05-30/metrics_20260428_053020_ce.json,results/stop2_prototype/configs/stop2_prototype_breakhis_balanced_prototype_convnext_ce.json
breakhis_balanced_prototype,convnext,facebook/convnext-tiny-224,ce,calibrated_cost_min,benign / malignant,malignant,"[[0.0, 1.0], [10.0, 0.0]]",C[benign][malignant]=1; C[malignant][benign]=10,0.97,0.85,accuracy,0.04375,0.4375,1.0,0.0,0.5333333333333333,0.875,0.5625,0.5625,0.4589371980676329,0.12640625,0.9541015625,0.9526934794627399,0.30766175802207274,0.16770528032069404,0.13360725761142692,0.5,0.4528663950210684,0.3448807862373492,"[[4, 28], [0, 32]]",stop2_prototype_breakhis_balanced_prototype_convnext_ce_04-28_05-30,results/convnext_test/stop2_prototype_breakhis_balanced_prototype_convnext_ce_04-28_05-30/metrics_20260428_053020_ce.json,results/stop2_prototype/configs/stop2_prototype_breakhis_balanced_prototype_convnext_ce.json
breakhis_balanced_prototype,convnext,facebook/convnext-tiny-224,ce_calibrated_cost_min,argmax,benign / malignant,malignant,"[[0.0, 1.0], [10.0, 0.0]]",C[benign][malignant]=1; C[malignant][benign]=10,0.97,0.85,accuracy,0.0203125,0.203125,0.96875,0.03125,0.9117647058823529,0.09375,0.9375,0.9375,0.9374389051808407,0.02031875,0.9541015625,0.9526934794627399,0.43196135885897957,0.25420457850223793,0.2576621882617473,,,,"[[29, 3], [1, 31]]",stop2_prototype_breakhis_balanced_prototype_convnext_ce_calibrated_cost_min_04-28_05-30,results/convnext_test/stop2_prototype_breakhis_balanced_prototype_convnext_ce_calibrated_cost_min_04-28_05-30/metrics_20260428_053100_ce_calibrated_cost_min.json,results/stop2_prototype/configs/stop2_prototype_breakhis_balanced_prototype_convnext_ce_calibrated_cost_min.json
breakhis_balanced_prototype,convnext,facebook/convnext-tiny-224,ce_calibrated_cost_min,calibrated_cost_min,benign / malignant,malignant,"[[0.0, 1.0], [10.0, 0.0]]",C[benign][malignant]=1; C[malignant][benign]=10,0.97,0.85,accuracy,0.04375,0.4375,1.0,0.0,0.5333333333333333,0.875,0.5625,0.5625,0.4589371980676329,0.12640625,0.9541015625,0.9526934794627399,0.30766328986215813,0.16770532821734474,0.13360743185287519,0.5,0.4528677215200768,0.3448829383984322,"[[4, 28], [0, 32]]",stop2_prototype_breakhis_balanced_prototype_convnext_ce_calibrated_cost_min_04-28_05-30,results/convnext_test/stop2_prototype_breakhis_balanced_prototype_convnext_ce_calibrated_cost_min_04-28_05-30/metrics_20260428_053100_ce_calibrated_cost_min.json,results/stop2_prototype/configs/stop2_prototype_breakhis_balanced_prototype_convnext_ce_calibrated_cost_min.json
breakhis_balanced_prototype,convnext,facebook/convnext-tiny-224,menon_logit_adjusted,argmax,benign / malignant,malignant,"[[0.0, 1.0], [10.0, 0.0]]",C[benign][malignant]=1; C[malignant][benign]=10,0.97,0.85,accuracy,0.0203125,0.203125,0.96875,0.03125,0.9117647058823529,0.09375,0.9375,0.9375,0.9374389051808407,0.02031875,0.9541015625,0.9526934794627399,0.4319615114856089,0.254205072625894,0.25766486767679453,,,,"[[29, 3], [1, 31]]",stop2_prototype_breakhis_balanced_prototype_convnext_menon_logit_adjusted_04-28_05-31,results/convnext_test/stop2_prototype_breakhis_balanced_prototype_convnext_menon_logit_adjusted_04-28_05-31/metrics_20260428_053139_menon_logit_adjusted.json,results/stop2_prototype/configs/stop2_prototype_breakhis_balanced_prototype_convnext_menon_logit_adjusted.json
breakhis_balanced_prototype,convnext,facebook/convnext-tiny-224,menon_logit_adjusted,calibrated_cost_min,benign / malignant,malignant,"[[0.0, 1.0], [10.0, 0.0]]",C[benign][malignant]=1; C[malignant][benign]=10,0.97,0.85,accuracy,0.04375,0.4375,1.0,0.0,0.5333333333333333,0.875,0.5625,0.5625,0.4589371980676329,0.12640625,0.9541015625,0.9526934794627399,0.3076618803624439,0.1677061164425788,0.13361228822256443,0.5,0.45286411295603707,0.34487689341124006,"[[4, 28], [0, 32]]",stop2_prototype_breakhis_balanced_prototype_convnext_menon_logit_adjusted_04-28_05-31,results/convnext_test/stop2_prototype_breakhis_balanced_prototype_convnext_menon_logit_adjusted_04-28_05-31/metrics_20260428_053139_menon_logit_adjusted.json,results/stop2_prototype/configs/stop2_prototype_breakhis_balanced_prototype_convnext_menon_logit_adjusted.json
breakhis_balanced_prototype,convnext,facebook/convnext-tiny-224,nicme_hybrid,argmax,benign / malignant,malignant,"[[0.0, 1.0], [10.0, 0.0]]",C[benign][malignant]=1; C[malignant][benign]=10,0.97,0.85,accuracy,0.05,0.5,1.0,0.0,0.5,1.0,0.5,0.5,0.3333333333333333,0.1725,0.6923828125,0.6554425567709337,0.7077834395782783,0.5140043236346818,0.13956168107688421,,,,"[[0, 32], [0, 32]]",stop2_prototype_breakhis_balanced_prototype_convnext_nicme_hybrid_04-28_05-31,results/convnext_test/stop2_prototype_breakhis_balanced_prototype_convnext_nicme_hybrid_04-28_05-31/metrics_20260428_053205_nicme_hybrid.json,results/stop2_prototype/configs/stop2_prototype_breakhis_balanced_prototype_convnext_nicme_hybrid.json
breakhis_balanced_prototype,convnext,facebook/convnext-tiny-224,nicme_hybrid,calibrated_cost_min,benign / malignant,malignant,"[[0.0, 1.0], [10.0, 0.0]]",C[benign][malignant]=1; C[malignant][benign]=10,0.97,0.85,accuracy,0.05,0.5,1.0,0.0,0.5,1.0,0.5,0.5,0.3333333333333333,0.1725,0.6923828125,0.6554425567709337,0.6887054762070444,0.49560202419085564,0.06166638649052321,2.65,0.7015644033891466,0.6877735729894852,"[[0, 32], [0, 32]]",stop2_prototype_breakhis_balanced_prototype_convnext_nicme_hybrid_04-28_05-31,results/convnext_test/stop2_prototype_breakhis_balanced_prototype_convnext_nicme_hybrid_04-28_05-31/metrics_20260428_053205_nicme_hybrid.json,results/stop2_prototype/configs/stop2_prototype_breakhis_balanced_prototype_convnext_nicme_hybrid.json
breakhis_balanced_prototype,vit,google/vit-base-patch16-224-in21k,ce,argmax,benign / malignant,malignant,"[[0.0, 1.0], [10.0, 0.0]]",C[benign][malignant]=1; C[malignant][benign]=10,0.97,0.85,accuracy,0.046875,0.46875,0.90625,0.09375,1.0,0.0,0.953125,0.953125,0.9530217763640813,0.06313124999999999,0.9619140625,0.9769705555995879,0.44220322151607083,0.26171326199166733,0.285472814925015,,,,"[[32, 0], [3, 29]]",stop2_prototype_breakhis_balanced_prototype_vit_ce_04-28_05-32,results/vit_test/stop2_prototype_breakhis_balanced_prototype_vit_ce_04-28_05-32/metrics_20260428_053236_ce.json,results/stop2_prototype/configs/stop2_prototype_breakhis_balanced_prototype_vit_ce.json
breakhis_balanced_prototype,vit,google/vit-base-patch16-224-in21k,ce,calibrated_cost_min,benign / malignant,malignant,"[[0.0, 1.0], [10.0, 0.0]]",C[benign][malignant]=1; C[malignant][benign]=10,0.97,0.85,accuracy,0.0484375,0.484375,1.0,0.0,0.5079365079365079,0.96875,0.515625,0.515625,0.3671451355661882,0.16024414062499998,0.9619140625,0.9769705555995879,0.3145831737675937,0.16859827525329477,0.16599159702797123,0.5,0.4181952253541925,0.2727791857066194,"[[1, 31], [0, 32]]",stop2_prototype_breakhis_balanced_prototype_vit_ce_04-28_05-32,results/vit_test/stop2_prototype_breakhis_balanced_prototype_vit_ce_04-28_05-32/metrics_20260428_053236_ce.json,results/stop2_prototype/configs/stop2_prototype_breakhis_balanced_prototype_vit_ce.json
breakhis_balanced_prototype,vit,google/vit-base-patch16-224-in21k,ce_calibrated_cost_min,argmax,benign / malignant,malignant,"[[0.0, 1.0], [10.0, 0.0]]",C[benign][malignant]=1; C[malignant][benign]=10,0.97,0.85,accuracy,0.046875,0.46875,0.90625,0.09375,1.0,0.0,0.953125,0.953125,0.9530217763640813,0.06313124999999999,0.9619140625,0.9769705555995879,0.44127468716218854,0.26077426015353794,0.2851542923599482,,,,"[[32, 0], [3, 29]]",stop2_prototype_breakhis_balanced_prototype_vit_ce_calibrated_cost_min_04-28_05-33,results/vit_test/stop2_prototype_breakhis_balanced_prototype_vit_ce_calibrated_cost_min_04-28_05-33/metrics_20260428_053313_ce_calibrated_cost_min.json,results/stop2_prototype/configs/stop2_prototype_breakhis_balanced_prototype_vit_ce_calibrated_cost_min.json
breakhis_balanced_prototype,vit,google/vit-base-patch16-224-in21k,ce_calibrated_cost_min,calibrated_cost_min,benign / malignant,malignant,"[[0.0, 1.0], [10.0, 0.0]]",C[benign][malignant]=1; C[malignant][benign]=10,0.97,0.85,accuracy,0.0484375,0.484375,1.0,0.0,0.5079365079365079,0.96875,0.515625,0.515625,0.3671451355661882,0.16024414062499998,0.9619140625,0.9769705555995879,0.3127261679147354,0.16685328436154484,0.16525478739037508,0.5,0.4186465248170679,0.27379973225127185,"[[1, 31], [0, 32]]",stop2_prototype_breakhis_balanced_prototype_vit_ce_calibrated_cost_min_04-28_05-33,results/vit_test/stop2_prototype_breakhis_balanced_prototype_vit_ce_calibrated_cost_min_04-28_05-33/metrics_20260428_053313_ce_calibrated_cost_min.json,results/stop2_prototype/configs/stop2_prototype_breakhis_balanced_prototype_vit_ce_calibrated_cost_min.json
breakhis_balanced_prototype,vit,google/vit-base-patch16-224-in21k,menon_logit_adjusted,argmax,benign / malignant,malignant,"[[0.0, 1.0], [10.0, 0.0]]",C[benign][malignant]=1; C[malignant][benign]=10,0.97,0.85,accuracy,0.046875,0.46875,0.90625,0.09375,1.0,0.0,0.953125,0.953125,0.9530217763640813,0.06313124999999999,0.9619140625,0.9769705555995879,0.44239471025268085,0.26190440238104334,0.28551518358290195,,,,"[[32, 0], [3, 29]]",stop2_prototype_breakhis_balanced_prototype_vit_menon_logit_adjusted_04-28_05-33,results/vit_test/stop2_prototype_breakhis_balanced_prototype_vit_menon_logit_adjusted_04-28_05-33/metrics_20260428_053344_menon_logit_adjusted.json,results/stop2_prototype/configs/stop2_prototype_breakhis_balanced_prototype_vit_menon_logit_adjusted.json
breakhis_balanced_prototype,vit,google/vit-base-patch16-224-in21k,menon_logit_adjusted,calibrated_cost_min,benign / malignant,malignant,"[[0.0, 1.0], [10.0, 0.0]]",C[benign][malignant]=1; C[malignant][benign]=10,0.97,0.85,accuracy,0.0484375,0.484375,1.0,0.0,0.5079365079365079,0.96875,0.515625,0.515625,0.3671451355661882,0.16024414062499998,0.9619140625,0.9769705555995879,0.314985585829846,0.16895247380420975,0.16610950854475215,0.5,0.4182273669612744,0.2728334574109873,"[[1, 31], [0, 32]]",stop2_prototype_breakhis_balanced_prototype_vit_menon_logit_adjusted_04-28_05-33,results/vit_test/stop2_prototype_breakhis_balanced_prototype_vit_menon_logit_adjusted_04-28_05-33/metrics_20260428_053344_menon_logit_adjusted.json,results/stop2_prototype/configs/stop2_prototype_breakhis_balanced_prototype_vit_menon_logit_adjusted.json
breakhis_balanced_prototype,vit,google/vit-base-patch16-224-in21k,nicme_hybrid,argmax,benign / malignant,malignant,"[[0.0, 1.0], [10.0, 0.0]]",C[benign][malignant]=1; C[malignant][benign]=10,0.97,0.85,accuracy,0.0234375,0.234375,0.96875,0.03125,0.8611111111111112,0.15625,0.90625,0.90625,0.9058823529411765,0.02344375,0.9755859375,0.9845111655773421,0.3526127236618178,0.22079405711878797,0.17061893362551928,,,,"[[27, 5], [1, 31]]",stop2_prototype_breakhis_balanced_prototype_vit_nicme_hybrid_04-28_05-34,results/vit_test/stop2_prototype_breakhis_balanced_prototype_vit_nicme_hybrid_04-28_05-34/metrics_20260428_053434_nicme_hybrid.json,results/stop2_prototype/configs/stop2_prototype_breakhis_balanced_prototype_vit_nicme_hybrid.json
breakhis_balanced_prototype,vit,google/vit-base-patch16-224-in21k,nicme_hybrid,calibrated_cost_min,benign / malignant,malignant,"[[0.0, 1.0], [10.0, 0.0]]",C[benign][malignant]=1; C[malignant][benign]=10,0.97,0.85,accuracy,0.05,0.5,1.0,0.0,0.5,1.0,0.5,0.5,0.3333333333333333,0.1725,0.9755859375,0.9845111655773421,0.3410461599049253,0.21480713689424966,0.1810059858263901,0.9,0.44362976559640876,0.44254019665778843,"[[0, 32], [0, 32]]",stop2_prototype_breakhis_balanced_prototype_vit_nicme_hybrid_04-28_05-34,results/vit_test/stop2_prototype_breakhis_balanced_prototype_vit_nicme_hybrid_04-28_05-34/metrics_20260428_053434_nicme_hybrid.json,results/stop2_prototype/configs/stop2_prototype_breakhis_balanced_prototype_vit_nicme_hybrid.json
breakhis_balanced_prototype,timm_dinov3_vit_lora,timm/vit_small_patch16_dinov3.lvd1689m,ce,argmax,benign / malignant,malignant,"[[0.0, 1.0], [10.0, 0.0]]",C[benign][malignant]=1; C[malignant][benign]=10,0.97,0.85,accuracy,0.1671875,1.671875,0.6875,0.3125,0.7586206896551724,0.21875,0.734375,0.734375,0.7337900660631269,0.4997816406249999,0.8134765625,0.8252279824409339,0.6895116811817676,0.49636461926069997,0.23152491729706526,,,,"[[25, 7], [10, 22]]",stop2_prototype_breakhis_balanced_prototype_timm_dinov3_vit_lora_ce_04-28_05-35,results/timm_dinov3_vit_lora_test/stop2_prototype_breakhis_balanced_prototype_timm_dinov3_vit_lora_ce_04-28_05-35/metrics_20260428_053506_ce.json,results/stop2_prototype/configs/stop2_prototype_breakhis_balanced_prototype_timm_dinov3_vit_lora_ce.json
breakhis_balanced_prototype,timm_dinov3_vit_lora,timm/vit_small_patch16_dinov3.lvd1689m,ce,calibrated_cost_min,benign / malignant,malignant,"[[0.0, 1.0], [10.0, 0.0]]",C[benign][malignant]=1; C[malignant][benign]=10,0.97,0.85,accuracy,0.05,0.5,1.0,0.0,0.5,1.0,0.5,0.5,0.3333333333333333,0.1725,0.8134765625,0.8252279824409339,0.6859252580153864,0.4927790262140525,0.22867532869784202,0.5,0.6898659699012779,0.6866209091752256,"[[0, 32], [0, 32]]",stop2_prototype_breakhis_balanced_prototype_timm_dinov3_vit_lora_ce_04-28_05-35,results/timm_dinov3_vit_lora_test/stop2_prototype_breakhis_balanced_prototype_timm_dinov3_vit_lora_ce_04-28_05-35/metrics_20260428_053506_ce.json,results/stop2_prototype/configs/stop2_prototype_breakhis_balanced_prototype_timm_dinov3_vit_lora_ce.json
breakhis_balanced_prototype,timm_dinov3_vit_lora,timm/vit_small_patch16_dinov3.lvd1689m,ce_calibrated_cost_min,argmax,benign / malignant,malignant,"[[0.0, 1.0], [10.0, 0.0]]",C[benign][malignant]=1; C[malignant][benign]=10,0.97,0.85,accuracy,0.1671875,1.671875,0.6875,0.3125,0.7586206896551724,0.21875,0.734375,0.734375,0.7337900660631269,0.4997816406249999,0.8134765625,0.8252279824409339,0.6895116811817676,0.49636461926069997,0.23152491729706526,,,,"[[25, 7], [10, 22]]",stop2_prototype_breakhis_balanced_prototype_timm_dinov3_vit_lora_ce_calibrated_cost_min_04-28_05-35,results/timm_dinov3_vit_lora_test/stop2_prototype_breakhis_balanced_prototype_timm_dinov3_vit_lora_ce_calibrated_cost_min_04-28_05-35/metrics_20260428_053538_ce_calibrated_cost_min.json,results/stop2_prototype/configs/stop2_prototype_breakhis_balanced_prototype_timm_dinov3_vit_lora_ce_calibrated_cost_min.json
breakhis_balanced_prototype,timm_dinov3_vit_lora,timm/vit_small_patch16_dinov3.lvd1689m,ce_calibrated_cost_min,calibrated_cost_min,benign / malignant,malignant,"[[0.0, 1.0], [10.0, 0.0]]",C[benign][malignant]=1; C[malignant][benign]=10,0.97,0.85,accuracy,0.05,0.5,1.0,0.0,0.5,1.0,0.5,0.5,0.3333333333333333,0.1725,0.8134765625,0.8252279824409339,0.6859252580153864,0.4927790262140525,0.22867532869784202,0.5,0.6898659699012779,0.6866209091752256,"[[0, 32], [0, 32]]",stop2_prototype_breakhis_balanced_prototype_timm_dinov3_vit_lora_ce_calibrated_cost_min_04-28_05-35,results/timm_dinov3_vit_lora_test/stop2_prototype_breakhis_balanced_prototype_timm_dinov3_vit_lora_ce_calibrated_cost_min_04-28_05-35/metrics_20260428_053538_ce_calibrated_cost_min.json,results/stop2_prototype/configs/stop2_prototype_breakhis_balanced_prototype_timm_dinov3_vit_lora_ce_calibrated_cost_min.json
breakhis_balanced_prototype,timm_dinov3_vit_lora,timm/vit_small_patch16_dinov3.lvd1689m,menon_logit_adjusted,argmax,benign / malignant,malignant,"[[0.0, 1.0], [10.0, 0.0]]",C[benign][malignant]=1; C[malignant][benign]=10,0.97,0.85,accuracy,0.1671875,1.671875,0.6875,0.3125,0.7586206896551724,0.21875,0.734375,0.734375,0.7337900660631269,0.4997816406249999,0.8134765625,0.8252279824409339,0.6895116802439946,0.4963646169391235,0.23152492009103298,,,,"[[25, 7], [10, 22]]",stop2_prototype_breakhis_balanced_prototype_timm_dinov3_vit_lora_menon_logit_adjusted_04-28_05-36,results/timm_dinov3_vit_lora_test/stop2_prototype_breakhis_balanced_prototype_timm_dinov3_vit_lora_menon_logit_adjusted_04-28_05-36/metrics_20260428_053610_menon_logit_adjusted.json,results/stop2_prototype/configs/stop2_prototype_breakhis_balanced_prototype_timm_dinov3_vit_lora_menon_logit_adjusted.json
breakhis_balanced_prototype,timm_dinov3_vit_lora,timm/vit_small_patch16_dinov3.lvd1689m,menon_logit_adjusted,calibrated_cost_min,benign / malignant,malignant,"[[0.0, 1.0], [10.0, 0.0]]",C[benign][malignant]=1; C[malignant][benign]=10,0.97,0.85,accuracy,0.05,0.5,1.0,0.0,0.5,1.0,0.5,0.5,0.3333333333333333,0.1725,0.8134765625,0.8252279824409339,0.6859252579333872,0.49277902613171,0.22867533692427555,0.5,0.6898659684376822,0.6866209063411888,"[[0, 32], [0, 32]]",stop2_prototype_breakhis_balanced_prototype_timm_dinov3_vit_lora_menon_logit_adjusted_04-28_05-36,results/timm_dinov3_vit_lora_test/stop2_prototype_breakhis_balanced_prototype_timm_dinov3_vit_lora_menon_logit_adjusted_04-28_05-36/metrics_20260428_053610_menon_logit_adjusted.json,results/stop2_prototype/configs/stop2_prototype_breakhis_balanced_prototype_timm_dinov3_vit_lora_menon_logit_adjusted.json
breakhis_balanced_prototype,timm_dinov3_vit_lora,timm/vit_small_patch16_dinov3.lvd1689m,nicme_hybrid,argmax,benign / malignant,malignant,"[[0.0, 1.0], [10.0, 0.0]]",C[benign][malignant]=1; C[malignant][benign]=10,0.97,0.85,accuracy,0.05,0.5,1.0,0.0,0.5,1.0,0.5,0.5,0.3333333333333333,0.1725,0.751953125,0.7789640000690902,0.6926367492066057,0.4994897886944504,0.009572657756507397,,,,"[[0, 32], [0, 32]]",stop2_prototype_breakhis_balanced_prototype_timm_dinov3_vit_lora_nicme_hybrid_04-28_05-36,results/timm_dinov3_vit_lora_test/stop2_prototype_breakhis_balanced_prototype_timm_dinov3_vit_lora_nicme_hybrid_04-28_05-36/metrics_20260428_053635_nicme_hybrid.json,results/stop2_prototype/configs/stop2_prototype_breakhis_balanced_prototype_timm_dinov3_vit_lora_nicme_hybrid.json
breakhis_balanced_prototype,timm_dinov3_vit_lora,timm/vit_small_patch16_dinov3.lvd1689m,nicme_hybrid,calibrated_cost_min,benign / malignant,malignant,"[[0.0, 1.0], [10.0, 0.0]]",C[benign][malignant]=1; C[malignant][benign]=10,0.97,0.85,accuracy,0.05,0.5,1.0,0.0,0.5,1.0,0.5,0.5,0.3333333333333333,0.1725,0.751953125,0.7789640000690902,0.6926823945654107,0.4995353629253401,0.008324303134278455,1.15,0.6930057525798956,0.6930019891610201,"[[0, 32], [0, 32]]",stop2_prototype_breakhis_balanced_prototype_timm_dinov3_vit_lora_nicme_hybrid_04-28_05-36,results/timm_dinov3_vit_lora_test/stop2_prototype_breakhis_balanced_prototype_timm_dinov3_vit_lora_nicme_hybrid_04-28_05-36/metrics_20260428_053635_nicme_hybrid.json,results/stop2_prototype/configs/stop2_prototype_breakhis_balanced_prototype_timm_dinov3_vit_lora_nicme_hybrid.json
breakhis_balanced_prototype,timm_dinov3_convnext_lora,timm/convnext_tiny.dinov3_lvd1689m,ce,argmax,benign / malignant,malignant,"[[0.0, 1.0], [10.0, 0.0]]",C[benign][malignant]=1; C[malignant][benign]=10,0.97,0.85,accuracy,0.1359375,1.359375,0.75,0.25,0.7741935483870968,0.21875,0.765625,0.765625,0.7655677655677655,0.33665664062499995,0.8271484375,0.8369166422728671,0.5304998533247625,0.3530718610756538,0.13188969250768423,,,,"[[25, 7], [8, 24]]",stop2_prototype_breakhis_balanced_prototype_timm_dinov3_convnext_lora_ce_04-28_05-37,results/timm_dinov3_convnext_lora_test/stop2_prototype_breakhis_balanced_prototype_timm_dinov3_convnext_lora_ce_04-28_05-37/metrics_20260428_053718_ce.json,results/stop2_prototype/configs/stop2_prototype_breakhis_balanced_prototype_timm_dinov3_convnext_lora_ce.json
breakhis_balanced_prototype,timm_dinov3_convnext_lora,timm/convnext_tiny.dinov3_lvd1689m,ce,calibrated_cost_min,benign / malignant,malignant,"[[0.0, 1.0], [10.0, 0.0]]",C[benign][malignant]=1; C[malignant][benign]=10,0.97,0.85,accuracy,0.0578125,0.578125,0.96875,0.03125,0.5344827586206896,0.84375,0.5625,0.5625,0.47602339181286546,0.140475,0.8271484375,0.8369166422728671,0.4938152308016842,0.3310439471009804,0.08598595178146054,0.5,0.5374677362576821,0.5028018003860759,"[[5, 27], [1, 31]]",stop2_prototype_breakhis_balanced_prototype_timm_dinov3_convnext_lora_ce_04-28_05-37,results/timm_dinov3_convnext_lora_test/stop2_prototype_breakhis_balanced_prototype_timm_dinov3_convnext_lora_ce_04-28_05-37/metrics_20260428_053718_ce.json,results/stop2_prototype/configs/stop2_prototype_breakhis_balanced_prototype_timm_dinov3_convnext_lora_ce.json
breakhis_balanced_prototype,timm_dinov3_convnext_lora,timm/convnext_tiny.dinov3_lvd1689m,ce_calibrated_cost_min,argmax,benign / malignant,malignant,"[[0.0, 1.0], [10.0, 0.0]]",C[benign][malignant]=1; C[malignant][benign]=10,0.97,0.85,accuracy,0.1359375,1.359375,0.75,0.25,0.7741935483870968,0.21875,0.765625,0.765625,0.7655677655677655,0.33665664062499995,0.8271484375,0.8369166422728671,0.5304998533247625,0.3530718610756538,0.13188969250768423,,,,"[[25, 7], [8, 24]]",stop2_prototype_breakhis_balanced_prototype_timm_dinov3_convnext_lora_ce_calibrated_cost_min_04-28_05-38,results/timm_dinov3_convnext_lora_test/stop2_prototype_breakhis_balanced_prototype_timm_dinov3_convnext_lora_ce_calibrated_cost_min_04-28_05-38/metrics_20260428_053811_ce_calibrated_cost_min.json,results/stop2_prototype/configs/stop2_prototype_breakhis_balanced_prototype_timm_dinov3_convnext_lora_ce_calibrated_cost_min.json
breakhis_balanced_prototype,timm_dinov3_convnext_lora,timm/convnext_tiny.dinov3_lvd1689m,ce_calibrated_cost_min,calibrated_cost_min,benign / malignant,malignant,"[[0.0, 1.0], [10.0, 0.0]]",C[benign][malignant]=1; C[malignant][benign]=10,0.97,0.85,accuracy,0.0578125,0.578125,0.96875,0.03125,0.5344827586206896,0.84375,0.5625,0.5625,0.47602339181286546,0.140475,0.8271484375,0.8369166422728671,0.4938152308016842,0.3310439471009804,0.08598595178146054,0.5,0.5374677362576821,0.5028018003860759,"[[5, 27], [1, 31]]",stop2_prototype_breakhis_balanced_prototype_timm_dinov3_convnext_lora_ce_calibrated_cost_min_04-28_05-38,results/timm_dinov3_convnext_lora_test/stop2_prototype_breakhis_balanced_prototype_timm_dinov3_convnext_lora_ce_calibrated_cost_min_04-28_05-38/metrics_20260428_053811_ce_calibrated_cost_min.json,results/stop2_prototype/configs/stop2_prototype_breakhis_balanced_prototype_timm_dinov3_convnext_lora_ce_calibrated_cost_min.json
breakhis_balanced_prototype,timm_dinov3_convnext_lora,timm/convnext_tiny.dinov3_lvd1689m,menon_logit_adjusted,argmax,benign / malignant,malignant,"[[0.0, 1.0], [10.0, 0.0]]",C[benign][malignant]=1; C[malignant][benign]=10,0.97,0.85,accuracy,0.1359375,1.359375,0.75,0.25,0.7741935483870968,0.21875,0.765625,0.765625,0.7655677655677655,0.33665664062499995,0.8271484375,0.8369166422728671,0.5305013310818869,0.35307324531240236,0.13188777398318052,,,,"[[25, 7], [8, 24]]",stop2_prototype_breakhis_balanced_prototype_timm_dinov3_convnext_lora_menon_logit_adjusted_04-28_05-38,results/timm_dinov3_convnext_lora_test/stop2_prototype_breakhis_balanced_prototype_timm_dinov3_convnext_lora_menon_logit_adjusted_04-28_05-38/metrics_20260428_053856_menon_logit_adjusted.json,results/stop2_prototype/configs/stop2_prototype_breakhis_balanced_prototype_timm_dinov3_convnext_lora_menon_logit_adjusted.json
breakhis_balanced_prototype,timm_dinov3_convnext_lora,timm/convnext_tiny.dinov3_lvd1689m,menon_logit_adjusted,calibrated_cost_min,benign / malignant,malignant,"[[0.0, 1.0], [10.0, 0.0]]",C[benign][malignant]=1; C[malignant][benign]=10,0.97,0.85,accuracy,0.0578125,0.578125,0.96875,0.03125,0.5344827586206896,0.84375,0.5625,0.5625,0.47602339181286546,0.140475,0.8271484375,0.8369166422728671,0.4938223579944087,0.3310494896009155,0.08598175881854478,0.5,0.537467490532546,0.5028016405027171,"[[5, 27], [1, 31]]",stop2_prototype_breakhis_balanced_prototype_timm_dinov3_convnext_lora_menon_logit_adjusted_04-28_05-38,results/timm_dinov3_convnext_lora_test/stop2_prototype_breakhis_balanced_prototype_timm_dinov3_convnext_lora_menon_logit_adjusted_04-28_05-38/metrics_20260428_053856_menon_logit_adjusted.json,results/stop2_prototype/configs/stop2_prototype_breakhis_balanced_prototype_timm_dinov3_convnext_lora_menon_logit_adjusted.json
breakhis_balanced_prototype,timm_dinov3_convnext_lora,timm/convnext_tiny.dinov3_lvd1689m,nicme_hybrid,argmax,benign / malignant,malignant,"[[0.0, 1.0], [10.0, 0.0]]",C[benign][malignant]=1; C[malignant][benign]=10,0.97,0.85,accuracy,0.0609375,0.609375,0.96875,0.03125,0.5166666666666667,0.90625,0.53125,0.53125,0.4202898550724638,0.16254531249999998,0.5244140625,0.5613356043021902,0.7391027608338614,0.5414708447140711,0.13269523344933987,,,,"[[3, 29], [1, 31]]",stop2_prototype_breakhis_balanced_prototype_timm_dinov3_convnext_lora_nicme_hybrid_04-28_05-39,results/timm_dinov3_convnext_lora_test/stop2_prototype_breakhis_balanced_prototype_timm_dinov3_convnext_lora_nicme_hybrid_04-28_05-39/metrics_20260428_053921_nicme_hybrid.json,results/stop2_prototype/configs/stop2_prototype_breakhis_balanced_prototype_timm_dinov3_convnext_lora_nicme_hybrid.json
breakhis_balanced_prototype,timm_dinov3_convnext_lora,timm/convnext_tiny.dinov3_lvd1689m,nicme_hybrid,calibrated_cost_min,benign / malignant,malignant,"[[0.0, 1.0], [10.0, 0.0]]",C[benign][malignant]=1; C[malignant][benign]=10,0.97,0.85,accuracy,0.05,0.5,1.0,0.0,0.5,1.0,0.5,0.5,0.3333333333333333,0.1725,0.5244140625,0.5613356043021902,0.6920764516008241,0.49893162732023993,0.015373028962732757,10.0,0.778042464376824,0.6937645440491695,"[[0, 32], [0, 32]]",stop2_prototype_breakhis_balanced_prototype_timm_dinov3_convnext_lora_nicme_hybrid_04-28_05-39,results/timm_dinov3_convnext_lora_test/stop2_prototype_breakhis_balanced_prototype_timm_dinov3_convnext_lora_nicme_hybrid_04-28_05-39/metrics_20260428_053921_nicme_hybrid.json,results/stop2_prototype/configs/stop2_prototype_breakhis_balanced_prototype_timm_dinov3_convnext_lora_nicme_hybrid.json
